qid,label_en,creator_string
Q105090025,Andrea Andriani,"['Andriani, Andrea (Italian, 1584-1610)']"
Q105090027,Anton Wierix III,"['Wierix, Anton, III (Flemish printmaker, 1596-1624)']"
Q105090031,Hinaya Ryuho,"['Ryuho (Rippo), Hinaya (1597-1669)']"
Q105090034,Tōteki Unkoku,"['Unkoku,Tōteki (1606-1664)']"
Q105090038,Jacques Prou,"['Prou, Jacques']"
Q105090040,Shugaku Watanabe,"['Watanabe, Shugaku (1644-1734)']"
Q105090044,Baisetsudo,['Baisetsudo (1751-1764)']
Q105090047,Jacques Couche,"['Couche, Jacques (b. 1759, born Abbeville)']"
Q105090050,Lemercier,['Lemercier']
Q105090053,Charles Clayton,"['Clayton, Charles']"
Q105090055,Friedrich August Schlegel,"['Schlegel, Friedrich August (German artist, born 1828)']"
Q105090057,Sugawara Hakuryu,"['Sugawara, Hakuryu (1833-1898, born Uzen Province, Japan)']"
Q105090061,August M. Young,"['Young, August M. (1837-1913)']"
Q105090064,Jean-Baptiste-Clement Bourne,"['Bourne, Jean-Baptiste-Clement (1844-1866)']"
Q105090067,George Etta Brinkley Cohen,"['Cohen, George Etta Brinkley']"
Q105090069,Chikuyôdô,['Chikuyodo (1860-1890)']
Q105090073,Peggy Smith,"['Smith, Peggy (painter, active 20th century)']"
Q105090076,Arthur Anselm Orr,"['Orr, Arthur Anselm (English glass painter and draftsman, 1868-1949)', 'Orr, Arthur']"
Q105090079,Fred Westphal,"['Westphal, Fred (German artist, active 20th century)', 'Westphal, Fred']"
Q105090082,Richard Mueller,"['Mueller, Richard (1874-1954)']"
Q105090085,Bernice M. Branson,"['Branson, Bernice M. (1882-1936)']"
Q105090086,Earl A. Warner,"['Warner, Earl A. (1883-1918)']"
Q105090088,Allen Ross Pittman,"['Pittman, A. Ross (1883-1969)']"
Q105090090,Lawrence Harris,"['Harris, Lawrence  (1885-1970)']"
Q105090094,William Crawford Young,"['Young, William Crawford (American illustrator, born 1886, active 1940)']"
Q105090096,Alfred Orr,"['Alfred Orr (American painter, graphic designer, and illustrator, born 1886)']"
Q105090099,Childe de Rohan d'Harcourt,"[""d'Harcourt, Childe de Rohan""]"
Q105090102,Melville Thomas Wire,"['Wire, Melville Thomas (American painter and printmaker, 1887-1966)']"
Q105090105,Harold Speakman,"['Speakman, Harold']"
Q105090109,Montgomery Melbourne,"['Melbourne, Montgomery (1893-1970)']"
Q105090111,Gian Carlo Polidori,"['Polidori, Gian Carlo (Italian artist, active 19th-20th century)']"
Q105090114,Franz Würbel,"['Würbel, Franz (1896-)']"
Q105090119,William MacLean,"['MacLean, William (1897-1977)']"
Q105090122,Ann Mittelman,"['Mittelman, Ann (1898-1996)']"
Q105090124,Frances Marian Hebert,"['Hebert, Frances Marian (American, 1899-1960)']"
Q105090126,Sadie Skoletsky Rosenblum,"['Rosenblum, Sadie Skoletsky (American painter and sculptor, 1899-1982)']"
Q105090130,Dorothy Paris,"['Paris, Dorothy']"
Q105090132,Rolf Key-Oberg,"['Key-Oberg, Rolf (American ceramicist, 1900-1959)']"
Q105090135,Amos Seweil,"['Seweil, Amos']"
Q105090138,James Kirk Merrick,"['Merrick, James Kirk  (1905-1985)']"
Q105090141,W. H. Walker,"['Walker, W. H. (British watercolorist and illustrator, 1906-1926)']"
Q105090144,Thomas Puryear Mims,"['Mims, Thomas Puryear (American sculptor, 1906-1975)']"
Q105090146,La Rue Storm,"['Storm, La Rue (1908-, born Miami, FL)']"
Q105090150,Phillipe Sanh,"['Sanh, Phillipe (1908-, born Indo-China)', 'Sanh, Phillipe (1908-)']"
Q105090152,Tibbie Levy,"['Levy, Tibbie (1908-)']"
Q105090155,Lei Pei-Zhi,"['Pei-Zhi, Lei (1909-1985)']"
Q105090158,Elenor Ulman,"['Ulman, Elenor']"
Q105090162,Georges Sanh,"['Sanh, Georges (1909-, born Hanoi, Vietnam)']"
Q105090165,George Stang,"['Stang, George']"
Q105090167,Vincent McPharlin,"['McPharlin, Vincent (1910-1985, born Hastings, MI)']"
Q105090171,Jeanette Alexander Judson,"['Judson, Jeanette Alexander (1912-2002)']"
Q105090174,Avery Handly,"['Handly, Avery (1913-1958)']"
Q105090176,"Francis Joseph Gyra, Jr.","['Gyra, Francis Joseph, Jr. (1914-2007)']"
Q105090179,Marcel Floris,"['Floris, Marcel (1914-2007)']"
Q105090181,Su-chin Wen Chen,"['Su-chin Wen Chen (1914-, born Wu-hsing, Chekiang Province, China)']"
Q105090184,Francisco Gutiérrez,"['Gutiérrez, Francisco (1915-1945, born Oaxaca, Mexico)']"
Q105090187,Beveridge Moore,"['Moore, Beveridge (1915-2004, born Richmond, VA)']"
Q105090189,Gerald Holly,"['Holly, Gerald (1917-2004, born Lewisburg, TN)']"
Q105090192,Toru Mabuchi,"['Mabuchi, Toru (1920-1994, born Tokyo, Japan)']"
Q105090196,Nola Zirin,"['Zirin, Nola (1920-, born New York, NY)']"
Q105090198,Yves Johnston,"['Johnston, Yves (1920-)']"
Q105090201,Zdenka Zivkovic,"['Zivkovic, Zdenka (born Czechoslovakia)', 'Zivkovic, Zdenka (, born Czechoslovakia)']"
Q105090204,Dimitri Perdikitis,"['Perdikitis, Dimitri (1922-, born Athens, Greece)']"
Q105090207,De La Rue,"['Rue, De La (1922-, born Paris, France)']"
Q105090210,George King Stark,"['Stark, George King (1923-1992, born Schenectady, NY, died Granby, NY)']"
Q105090213,Ralph H. Scharf,"['Scharf, Ralph H. (1923-1993, born Chicago, IL)']"
Q105090215,Gray Phillips,"['Phillips, Gray (1923-2005, born Chattanooga, TN, died Pacific Palisades, CA)']"
Q105090218,Ninon Lacey,"['Lacey, Ninon (1923-, born New Hampshire)']"
Q105090220,Louise LeQuire,"['LeQuire, Louise', 'Lequire, Louise']"
Q105090222,Rudolf Mauke,"['Mauke, Rudolf (German artist, born 1924)']"
Q105090225,Augustin Ubeda,"['Ubeda, Augustin (Spanish artist, born 1925)']"
Q105089946,Helen Soreff,"['Soreff, Helen (American painter, 20th century)']"
Q105090227,Iwami Reika,"['Reika, Iwami (1927-1989)']"
Q105090229,Robert W. Loberg,"['Loberg, Robert W. (1927-1999, born Chicago, IL)']"
Q105090234,Jean Cohen,"['Cohen, Jean (1927-2013, born Brooklyn, NY, died Long Island, NY)', 'Cohen, Jean (1927-2013, born New York, NY, died Long Island, NY)']"
Q105090236,Olen Bryant,"['Bryant, Olen (1927-2017, born Cookeville, TN)']"
Q105090238,Rafael Tur Costa,"['Tur Costa, Rafael (1927-, born Santa Eulalia, Ibiza, Spain)']"
Q105090241,Rolph Blakstad,"['Blakstad, Rolph (1929-, born Vancouver, Canada)']"
Q105090244,Joseph Schwarz,"['Schwarz, Joseph (American painter, born 1929)']"
Q105090247,Heiner Stackelhaus,"['Stackelhaus, Heiner']"
Q105090252,William Loy,"['Loy, William (1930-)']"
Q105090256,Matthew Carone,"['Carone, Matthew (1930-, born New Jersey)', 'Carone, Matthew']"
Q105090259,Paul Lancaster,"['Lancaster, Paul']"
Q105090263,Robert Hauser,"['Hauser, Robert (1930)']"
Q105090267,Thomas Zvi Wilson,"['Wilson, Thomas Zvi (1931-)']"
Q105090271,Alfred J. Pounders,"['Pounders, Alfred J. (1931-)']"
Q105090274,Alfonso Gomez Bonifacio,"['Bonifacio, Alfonso Gomez (1933-2011)']"
Q105090277,Giorgio Pagliari,"['Pagliari, Giorgio (1933-2015, born Rome, Italy, died Ibiza, Spain)', 'Pagliari, Giorgio (1933-, born Rome, Italy)']"
Q105090280,Claire Bush,"['Bush, Claire (1933-, born Pocono Lake, PA)']"
Q105090283,Eric Rutherford,"['Rutherford, Eric (British artist, active from 1963)']"
Q105090286,Willow Legge,"['Legge, Willow (1934-)']"
Q105090289,Patricia Jean Burg,"['Burg, Patricia Jean (Canadian artist, born 1934)']"
Q105090291,Lawrence Anthony,"['Anthony, Lawrence (1934-)']"
Q105090293,Victor Huggins,"['Huggins, Victor (1936-, born Durham, NC)', 'Huggins, Victor  (1936-)', 'Huggins, Victor (1936-)']"
Q105090297,John Gwinn,"['Gwinn, John']"
Q105090302,Henk van Putten,"['Putten, Henk van (Dutch sculptor, born 1936)']"
Q105090305,Don Cameron,"['Cameron, Don (1936-)']"
Q105090308,Ferran Teixidor,"['Teixidor, Ferran (Spanish painter, born 1936)']"
Q105090310,Robert Quijada,"['Quijada, Robert (American artist, 1937-1994)']"
Q105090313,Oscar Magnan,"['Magnan, Oscar (1937-, born Cienfuegos, Cuba)']"
Q105090317,Jean Wall Penland,"['Penland, Jean Wall (American painter and etcher)']"
Q105090320,Michael Garman,"['Garman, Michael (1938-)']"
Q105090323,Adolf Schlosser,"['Schlosser, Adolf (1939-)']"
Q105090326,Clover Vail,"['Vail, Clover (American painter, born 1939)']"
Q105090329,Rainer Pfnür,"['Pfnür, Rainer (German artist, born 1939)']"
Q105090333,Miquel Vilà,"['Vilà, Miquel (1940-, born Barcelona, Spain)']"
Q105090336,Manzano Acisclo,"['Acisclo, Manzano (1940-)']"
Q105090339,Cis Lenerts,"['Lenerts, Cis (1940)']"
Q105090342,Terry Max Hochstetler,"['Hochstetler, T. Max (1964-)', 'Hochstetler, T. Max']"
Q105090345,Yukio Katsuda,"['Katsuda, Yukio (1941-)']"
Q105090349,Watthana Watthanāphan,"['Wattana Wattanapun (Thai painter, born 1941)']"
Q105090353,Joseph A. Pecsenke,"['Pecsenke, Joseph A. (1942-1989)']"
Q105090357,Phillis Ideal,"['Ideal, Phillis (1942-, born Roswell, NM)']"
Q105090360,Diana R. Hansen,"['Hansen, Diana R. (1942-)']"
Q105090363,Manuel Boix Alvarez,"['Alvarez, Manuel Boix (1942-)']"
Q105090366,Pere Puiggros,"['Puiggros, Pere (1942-)']"
Q105090370,Chaim Kanner,"['Kanner, Chaim (1943-2000, born Nice, France)']"
Q105090373,Lenore Vanderkooi,"['Vanderkooi, Lenore (1943-, born Boston, MA)']"
Q105090376,James Joseph Juszczk,"['Juszczk, James Joseph (1943-, born Chicago, IL)', 'Juszczyk, James Joseph (American painter, born 1943)']"
Q105090382,Gilbert Herreyns,"['Herreyns, Gilbert (1943-, born Uccle, Belgium)']"
Q105090385,David Smyth,"['Smyth, David (American painter, born 1943)']"
Q105090388,David Shapiro,"['Shapiro, David (American painter and printmaker, born 1943)']"
Q105090391,Daniel Gualdoni,"['Gualdoni, Daniel (1943-)']"
Q105090393,Faik Husein,"['Husein, Faik (1944-2004, born Nasria, Iraq, died New York, NY)', 'Husein, Faik']"
Q105090398,Lisa Collado,"['Collado, Lisa']"
Q105090402,Eduardo Mira,"['Mira, Eduardo (1945-)']"
Q105090405,John P. Stewart,"['Stewart, John P. (1945-)']"
Q105090409,Judith Page,"['Page, Judith (1946-, born Lexington, KY)']"
Q105090413,Kathleen Walkup,"['Walkup, Kathleen  (1946-, born Portland, OR)']"
Q105090416,Barry Buxkamper,"['Buxkamper, Barry (1946-)']"
Q105090419,Alvin Garret,"['Garret, Alvin (1946-)']"
Q105090422,Dennis Lukas,"['Lukas, Dennis (1947-, born Hamilton, Ontario)']"
Q105090424,Elliot Ross,"['Ross, Elliot  (1947-, born Chicago, IL)']"
Q105090427,Okada Teru,"['Teru, Okada (1947-)']"
Q105090430,Rosalyn Richards,"['Richards, Rosalyn (1947-)']"
Q105090432,Hernan Zúñiga Albán,"['Albán, Hernan Zúñiga (1948-, born Ambato, Ecuador)']"
Q105090435,Paul Eric Berger,"['Berger, Paul Eric (American photographer and printmaker, born 1948)']"
Q105090437,Dawson Nesbitt,"['Nesbitt, Dawson (1948-)']"
Q105090440,Cathie Ruggie-Saunders,"['Ruggie-Saunders, Cathie (1951-, born Chicago, IL)']"
Q105090442,Edward Shalala,"['Shalala, Edward (1949-, born Cleveland, OH)']"
Q105090445,Jeanne Wilkinson,"['Wilkinson, Jeanne (1949-, born Duluth, MN)']"
Q105090448,Jay Bolotin,"['Bolotin, Jay (1949-, born Fayette County, KY)']"
Q105090451,Creighton Michael,"['Michael, Creighton (American sculptor, born 1949)']"
Q105090454,Mark Williams,"['Williams, Mark (1950-, born Pittsburgh, PA)']"
Q105090457,Ann Kalmbach,"['Kalmbach, Ann and Kellner, Tatana (1950-, 1950-, born Rochester, NY; Prague, Czech Republic)']"
Q105090460,Hans Waanders,"['Waanders, Hans (1951-2001, born Enschede, Netherlands)']"
Q105090463,Michael Peel,"['Peel, Michael (British painter, born 1951)']"
Q105090465,Dimitrije Popovic,"['Popovic, Dimitrije']"
Q105090467,John Phillips,"['Phillips, John (1953-, born Chicago, IL)']"
Q105090471,Julian Jackson,"['Jackson, Julian (1953-, born Richmond, VA)']"
Q105090475,Bronlyn Jones,"['Jones, Bronlyn (1954-, born Williamsburg, IA)']"
Q105090478,Paul Tosh,"['Tosh, Paul, (1954-, born Kingsport, TN)']"
Q105090481,Mara Held,"['Held, Mara (1954-, born New York, NY)']"
Q105090484,Mark Gibian,"['Gibian, Mark (1954-)']"
Q105090488,José Luis Raymond,"['Raymond, José Luis (1954-)']"
Q105090491,Terri Zupanc,"['Zupanc, Terri (1955-, born Wisconsin)']"
Q105090494,Gabriel Warren,"['Warren, Gabriel (1955-, born New Haven, CT)']"
Q105090496,Tjue Teeuwen,"['Teeuwen, Tjue & Peter Foolen (1955-, 1955-, born Eindhoven, Netherlands)']"
Q105090499,Karen Leonard Lyles,"['Lyles, Karen Leonard (1955-)']"
Q105090501,Terry Thacker,"['Thacker, Terry (1955-)']"
Q105090504,Gilbert Hsiao,"['Hsiao, Gilbert (1956-, born Pennsylvania)']"
Q105090507,Daniel G. Hill,"['Hill, Daniel G. (1956-, born New York, NY)']"
Q105090510,Randall Lavender,"['Lavender, Randall (b. 1956)']"
Q105090514,Paul D'Amato,"[""D'Amato, Paul (American photographer, 1956 CE-)""]"
Q105090517,Jim Sherraden,"['Sherraden, Jim (1957-, born Salina, KS)', 'Sherraden, Jim (1957, born Salina, KS)', 'Sherraden, Jim (1956-, born Salina, KS)', 'Sherraden, Jim, (1957-, born Salina, KS)', 'Sherraden, Jim, for Hatch Show Print (1957-, born Salina, KS)']"
Q105090520,Gloria DeArcangelis,"['DeArcangelis, Gloria (1957-, born Munich, Germany)']"
Q105090524,Kit Reuther,"['Reuther, Kit (1957-)']"
Q105090527,Stephen Maine,"['Maine, Stephen (1958-, born Hartford, CT)']"
Q105090530,Vera Vasek,"['Vasek, Vera (1959-, born Buffalo, NY)']"
Q105090533,Fransje Killaars,"['Killaars, Fransje (Dutch artist, born 1959)']"
Q105090536,Sabine Friesicke,"['Friesicke, Sabine (1960-, born Hamburg, Germany)']"
Q105090539,Koo Kyung Sook,"['Sook, Koo Kyung (1960-, born Seoul, Korea)']"
Q105090541,Steve Karlik,"['Karlik, Steve (1960-, born Portland, OR)']"
Q105090545,Kees Verbeek,"['Verbeek, Kees (1961-, born Son, Netherlands)']"
Q105090548,Guntars Sietens,"['Sietens, Guntars (1962-, born Kuldiga, Latvia)']"
Q105090551,Jeff Matz,"['Matz, Jeff (1963-, born Orlando, FL)']"
Q105090552,Teo Gonzáles,"['Gonzáles, Teo (1964-, born Quinto, Spain)']"
Q105090555,Phurba Namgay,"['Namgay, Phurba (1964-, born Chendipji, Tongsa, Bhutan)']"
Q105090559,Martha Chiplis,"['Chiplis, Martha (1964-, born Indianapolis, IN)']"
Q105090562,Michael Frederick,"['Frederick, Michael (1966-, born Chabanse, IL)', 'Frederick, Michael, (1966-, born Chabanse, IL)', 'Frederick, Michael, for Hatch Show Print (1966-, born Chabanse, IL)', 'Frederick, Mike']"
Q105090565,Ramon Marcus Kadi,"['Kadi, Ramon Marcus (1967, born Surabaya, Indonesia)']"
Q105090569,Joel Elrod,"['Elrod, Joel (1967-, born Omaha, NE)']"
Q105090572,Tim Dooley,"['Dooley, Tim and Wilson, Aaron  (1967-, 1972-, born Miami, FL; Xenia, OH)', 'Dooley, Tim and Wilson, Aaron (1967-, 1972-, born Miami, FL; Xenia, OH)']"
Q105090577,Dan Grzeca,"['Grzeca, Dan (1968-, born Chicago, IL)']"
Q105090580,J. Suzanne Powney,"['Powney, J. Suzanne  (1969-, born Biloxi, MS)']"
Q105090582,"Samuel L. Dunson, Jr.","['Dunson, Samuel L. Jr. (1970-, born Dayton, OH)']"
Q105090585,Kerry McAleer-Keeler,"['McAleer-Keeler, Kerry (1971-, born Providence, RI)']"
Q105090588,Katherine McCanless Ruffin,"['Ruffin, Katherine McCanless  (1972-, born Huntsville, AL)']"
Q105090591,Diana Sudyka,"['Sudyka, Diana (1972-)']"
Q105090594,Matt Egan,"['Egan, Matt, Muise, Heather (1973-, 1971-, born Newmarket, Ontario, Canada; Windsor, Ontario, Canada)']"
Q105090597,Mat Daly,"['Daly, Mat (1974-)']"
Q105090600,Dan Jimerfield,"['Jimerfield, Dan (1974-, born Cumberland, MO)', 'Jimerfield, Dan, for Hatch Show Print (1974-, born Cumberland, MO)']"
Q105090602,Bryce McCloud,"[""McCloud, Bryce (1975, born Nashville, TN)"",""McCloud, Bryce (1975-, born Nashville, TN)"",""McCloud, Bryce (Nashville, TN, born 1975-)"",""McCloud, Bryce, (1975-, born Nashville, TN)"",""McCloud, Bryce, for Hatch Show Print (1975-, born Nashville, TN)"",""Bryce McCloud (1975, born Nashville, TN)""]"
Q105090605,Travis Millard,"['Millard, Travis (1975-, born St. Joseph, MO)', 'Millard, Travis']"
Q105090607,Joel Shane,"['Shane, Joel (1976-, born Winnipeg, Manitoba, Canada)']"
Q105090611,Karsten Creightney,"['Creightney, Karsten  (1976-, born Albuquerque, New Mexico)']"
Q105090613,Sarah McCoy,"['McCoy, Sarah  (1976-, born Madison, WI)']"
Q105090617,Jeremy D. Maynard,"['Maynard, Jeremy D. (1977-, born Nashville, TN)', 'Maynard, Jeremy D., (1977-, born Nashville, TN)', 'Maynard, Jeremy D., for Hatch Show Print (1977-, born Nashville, TN)', 'Jeremy D. Maynard (1977-, born Nashville, TN)']"
Q105090619,Toby Sherrard,"['Sherrard, Toby (1977-, born Seattle, WA)']"
Q105090622,Edan M. Bryant,"['Bryant, Edan M. (1978-, born Nashville, TN)', 'Bryant, Edan M. 1978, born Nashville, TN)', 'Bryant, Edan M., (1978-, born Nashville, TN)', 'Bryant, Edan M., for Hatch Show Print (1978-, born Nashville, TN)']"
Q105090626,Erin Salter,"['Salter, Erin (1978-, born Nashville, TN)']"
Q105090629,Caleb Cain Marcus,"['Marcus, Caleb Cain (1978-, born U.S.A.)']"
Q105090632,Mike McIntyre,"['McIntyre, Mike (1978-, born St. Louis, MO)']"
Q105090636,Jenny Gill,"['Gill, Jenny (1979-, born Monterey, CA)', 'Gill, Jenny (1979, born Monterey, CA)']"
Q105090639,Nick Butcher,"['Butcher, Nick (1980-, born Dyersburg, TN)']"
Q105090643,Kathleen O'Connell,"[""O'Connell, Kathleen (1980-, born Plattsburgh, NY)""]"
Q105090646,Casey D. Gill,"['Gill, Casey (1981-, born Monterey, CA)', 'Gill, Casey (1981, born Monterey, CA)', 'Casey D.Gill (1981, born Monterey, CA)']"
Q105090649,Annie Herlocker,"['Herlocker, Annie  (1982-, born Indianapolis, IN)']"
Q105090652,Alexandra Janezic,"['Janezic, Alexandra and Runkle, Matt (1988-, 1977-, born Orange, TX; Spokane, WA)']"
Q105090655,Patrick Gosnell,"['Gosnell, Patrick (1989-, born Atlanta, GA)']"
Q105090658,Levi Sherman,"['Sherman, Levi and Gomez, Carly (1990-, born Seattle, WA)']"
Q105090662,Zhongbao Yao,"['Yao Zhongbao (-1924, born Beijing, China)']"
Q105090665,Ray Wakeland,"['Wakeland, Ray (-1964, born Monteagle, TN)']"
Q105090668,Giuseppe Raffetto,"['Raffetto, Giuseppe (ca. 1750, born Genoa, Italy)', 'Raffetto, Giuseppe']"
Q105090671,Sara Langworthy,"['Langworthy, Sara']"
Q105090674,Gigi Aramescu,"['Aramesco, Gigi (born Galatz, Romania)']"
Q105090676,Anita Gibson,"['Gibson, Anita (, born Lima, Peru)', 'Gibson, Anita', 'Gibson, Anita  (born Lima, Peru)']"
Q105090679,Louise De Gignilliet Rogers,"['Rogers, Louise De Gignilliet (born Macon, GA)', 'Rogers, Louise De Gignilliet']"
Q105090682,Tim Hooper,"['Hooper, Tim (ca. 1970, born Nashville, TN)']"
Q105090685,Katherine J. Fries,"['Fries, Katherine J. (, born Lincoln, NE)']"
Q105090688,Genzaburo Hayashi,"['Hayashi, Genzaburo (born Kyoto, Japan)']"
Q105090691,Sarah Hulsey,"['Hulsey, Sarah (, born Oklahoma City, OK)']"
Q105090694,Scott Russell,"['Russell, Scott, for Hatch Show Print (born Bloomington, IN)']"
Q105090697,Ch'en Ku,"[""Ch'en Ku (, born P'eng-Ch'eng, China)""]"
Q105090701,Jacob Vanderbilt,"['Vanderbilt, Jacob']"
Q105090704,Herman Weyen,"['Weyen, Herman (1643-1672)']"
