last_first,description,born,died,birthplace,birth_city,birth_state,deathplace,artist_type,wikidata_description,name,creator_string
Yao Zhongbao,"-1924, born Beijing, China",,1924,Q956,Beijing, China,,painter,painter,Yao Zhongbao,"['Yao Zhongbao (-1924, born Beijing, China)']"
"Andriani, Andrea","Italian, 1584-1610",1584,1610,,,,,printmaker,Italian printmaker,Andrea Andriani,"['Andriani, Andrea (Italian, 1584-1610)']"
"Hond, Hendrik",1588-1658,1588,1658,,,,,printmaker,printmaker,Hendrik Hond,"['Hond, Hendrik (1588-1658)']"
"Wierix, Anton, III","Flemish printmaker, 1596-1624",1596,1624,,,,,printmaker,Flemish printmaker,Anton Wierix III,"['Wierix, Anton, III (Flemish printmaker, 1596-1624)']"
"Unkoku,Tōteki",1606-1664,1606,1664,,,,,painter,painter,Tōteki Unkoku,"['Unkoku,Tōteki (1606-1664)']"
Kanō Yashunobu,"Japanese painter, 1613-1685",1613,1685,,,,,painter,Japanese painter,Kanō Yashunobu,"['Kanō Yashunobu (Japanese painter, 1613-1685)']"
"Weyen, Herman",1643-1672,1643,1672,,,,,printmaker,printmaker,Herman Weyen,"['Weyen, Herman (1643-1672)']"
"Watanabe, Shugaku",1644-1734,1644,1734,,,,,painter,painter,Shugaku Watanabe,"['Watanabe, Shugaku (1644-1734)']"
"Shigemasa, Kitabatake",1739-1820,1739,1820,,,,,book artist,book artist,Kitabatake Shigemasa,"['Shigemasa, Kitabatake  (1739-1820)']"
"Bregeon, Angélique",1743-1782,1743,1782,,,,,printmaker,printmaker,Angélique Bregeon,"['Bregeon, Angélique (1743-1782)']"
Baisetsudo,1751-1764,1751,1764,,,,,book artist,book artist,Baisetsudo,['Baisetsudo (1751-1764)']
"Couche, Jacques","b. 1759, born Abbeville",1759,,Q28520,Abbeville,,,printmaker,printmaker,Jacques Couche,"['Couche, Jacques (b. 1759, born Abbeville)']"
Soken,"Japanese painter, 1759-1818",1759,1818,,,,,book artist,Japanese painter,Soken,"['Soken (Japanese painter, 1759-1818)']"
"Ryuryukyo, Shinsai",1764-1820,1764,1820,,,,,printmaker,printmaker,Shinsai Ryuryukyo,"['Ryuryukyo, Shinsai  (1764-1820)']"
"Toykuni, Utagawa",1769-1825,1769,1825,,,,,printmaker,printmaker,Utagawa Toykuni,"['Toykuni, Utagawa  (1769-1825)']"
Franz Hansftangl,1804-1877,1804,1877,,,,,printmaker,printmaker,Franz Hansftangl,['Franz Hansftangl (1804-1877)']
"Turner, F.C.",1810-1846,1810,1846,,,,,printmaker,printmaker,F.C. Turner,"['Turner, F.C. and Beckwith, Henry (1810-1846)']"
"Rothermil, P.F.",1817-1895,1817,1895,,,,,painter,painter,P.F. Rothermil,"['Rothermil, P.F. (1817-1895)']"
"Schlegel, Friedrich August","German artist, born 1828",1828,,,,,,painter,German artist,Friedrich August Schlegel,"['Schlegel, Friedrich August (German artist, born 1828)']"
"Brees, S. C.",1832-1837,1832,1837,,,,,printmaker,printmaker,S. C. Brees,"['Brees, S. C. and Harden, S. Melville (1832-1837, 1837-1879 )']"
"Sugawara, Hakuryu","1833-1898, born Uzen Province, Japan",1833,1898,Q1192050,Uzen Province, Japan,,painter,painter,Hakuryu Sugawara,"['Sugawara, Hakuryu (1833-1898, born Uzen Province, Japan)']"
"Young, August M.",1837-1913,1837,1913,,,,,painter,painter,August M. Young,"['Young, August M. (1837-1913)']"
"Bourne, Jean-Baptiste-Clement",1844-1866,1844,1866,,,,,printmaker,printmaker,Jean-Baptiste-Clement Bourne,"['Bourne, Jean-Baptiste-Clement (1844-1866)']"
"Carsen, Emil Soren",1848-1932,1848,1932,,,,,painter,painter,Emil Soren Carsen,"['Carsen, Emil Soren (1848-1932)']"
Kunisada,"Japanese woodcutter and graphic artist, 1848-1920",1848,1920,,,,,printmaker,Japanese woodcutter and graphic artist,Kunisada,"['Kunisada (Japanese woodcutter and graphic artist, 1848-1920)']"
"Schmidt-Felling, Hans",1854-1910,1854,1910,,,,,sculptor,sculptor,Hans Schmidt-Felling,"['Schmidt-Felling, Hans (1854-1910)']"
Chikuyodo,1860-1890,1860,1890,,,,,printmaker,printmaker,Chikuyodo,['Chikuyodo (1860-1890)']
"Kikuchi, Tsunejiro",Kilauchi Hobun,1862,1918,,,,,book artist,book artist,Tsunejiro Kikuchi,"['Kikuchi, Tsunejiro (Kilauchi Hobun) (1862-1918)']"
"Ellsworth, Young","American painter, 1866-1952",1866,1952,,,,,printmaker,American painter,Young Ellsworth,"['Ellsworth, Young (American painter, 1866-1952)']"
"Orr, Arthur Anselm","English glass painter and draftsman, 1868-1949",1868,1949,,,,,painter,English glass painter and draftsman,Arthur Anselm Orr,"['Orr, Arthur Anselm (English glass painter and draftsman, 1868-1949)', 'Orr, Arthur']"
"Tsuchiya, Kōitsu",1870-1949,1870,1949,,,,,printmaker,printmaker,Kōitsu Tsuchiya,"['Tsuchiya, Kōitsu (1870-1949)', 'Tsuchiya , Kōitsu (1870-1949)']"
"St. John, James Allen",1872-1957,1872,1957,,,,,printmaker,printmaker,James Allen St. John,"['St. John, James Allen  (1872-1957)']"
"Nussbaum, Jacob",1873-1934,1873,1934,,,,,printmaker,printmaker,Jacob Nussbaum,"['Nussbaum, Jacob (1873-1934)']"
"Mueller, Richard",1874-1954,1874,1954,,,,,printmaker,printmaker,Richard Mueller,"['Mueller, Richard (1874-1954)']"
"Dzubas, Wilhelm",1877-1947,1877,1947,,,,,artist,artist,Wilhelm Dzubas,"['Dzubas, Wilhelm (1877-1947)']"
"Masuda, Gyokujo",1881-1955,1881,1955,,,,,painter,painter,Gyokujo Masuda,"['Masuda, Gyokujo (1881-1955)']"
"Branson, Bernice M.",1882-1936,1882,1936,,,,,printmaker,printmaker,Bernice M. Branson,"['Branson, Bernice M. (1882-1936)']"
"Warner, Earl A.",1883-1918,1883,1918,,,,,drawer,drawer,Earl A. Warner,"['Warner, Earl A. (1883-1918)']"
"Pittman, A. Ross",1883-1969,1883,1969,,,,,printmaker,printmaker,A. Ross Pittman,"['Pittman, A. Ross (1883-1969)']"
"Laurencian, Marie",1885-1956,1885,1956,,,,,printmaker,printmaker,Marie Laurencian,"['Laurencian, Marie (1885-1956)']"
"Harris, Lawrence",1885-1970,1885,1970,,,,,printmaker,printmaker,Lawrence Harris,"['Harris, Lawrence  (1885-1970)']"
"Young, William Crawford","American illustrator, born 1886, active 1940",1886,,,,,,printmaker,"American illustrator, active 1940",William Crawford Young,"['Young, William Crawford (American illustrator, born 1886, active 1940)']"
Alfred Orr,"American painter, graphic designer, and illustrator, born 1886",1886,,,,,,printmaker,"American painter, graphic designer, and illustrator",Alfred Orr,"['Alfred Orr (American painter, graphic designer, and illustrator, born 1886)']"
"Wire, Melville Thomas","American painter and printmaker, 1887-1966",1887,1966,,,,,painter,American painter and printmaker,Melville Thomas Wire,"['Wire, Melville Thomas (American painter and printmaker, 1887-1966)']"
"Melbourne, Montgomery",1893-1970,1893,1970,,,,,printmaker,printmaker,Montgomery Melbourne,"['Melbourne, Montgomery (1893-1970)']"
"Würbel, Franz",1896-,1896,,,,,,printmaker,printmaker,Franz Würbel,"['Würbel, Franz (1896-)']"
"MacLean, William",1897-1977,1897,1977,,,,,printmaker,printmaker,William MacLean,"['MacLean, William (1897-1977)']"
"Mittelman, Ann",1898-1996,1898,1996,,,,,painter,painter,Ann Mittelman,"['Mittelman, Ann (1898-1996)']"
"Rosenblum, Sadie Skoletsky","American painter and sculptor, 1899-1982",1899,1982,,,,,painter,American painter and sculptor,Sadie Skoletsky Rosenblum,"['Rosenblum, Sadie Skoletsky (American painter and sculptor, 1899-1982)']"
"Hebert, Frances Marian","American, 1899-1960",1899,1960,,,,,printmaker,American,Frances Marian Hebert,"['Hebert, Frances Marian (American, 1899-1960)']"
"Key-Oberg, Rolf","American ceramicist, 1900-1959",1900,1959,,,,,artist,American ceramicist,Rolf Key-Oberg,"['Key-Oberg, Rolf (American ceramicist, 1900-1959)']"
"Merrick, James Kirk",1905-1985,1905,1985,,,,,printmaker,printmaker,James Kirk Merrick,"['Merrick, James Kirk  (1905-1985)']"
"Mims, Thomas Puryear","American sculptor, 1906-1975",1906,1975,,,,,sculptor,American sculptor,Thomas Puryear Mims,"['Mims, Thomas Puryear (American sculptor, 1906-1975)']"
"Walker, W. H.","British watercolorist and illustrator, 1906-1926",1906,1926,,,,,printmaker,British watercolorist and illustrator,W. H. Walker,"['Walker, W. H. (British watercolorist and illustrator, 1906-1926)']"
"Sanh, Phillipe","1908-, born Indo-China",1908,,Q43467,,Indo-China,,painter,painter,Phillipe Sanh,"['Sanh, Phillipe (1908-, born Indo-China)', 'Sanh, Phillipe (1908-)']"
"Storm, La Rue","1908-, born Miami, FL",1908,,Q8652,Miami, FL,,painter,painter,La Rue Storm,"['Storm, La Rue (1908-, born Miami, FL)']"
"Levy, Tibbie",1908-,1908,,,,,,painter,painter,Tibbie Levy,"['Levy, Tibbie (1908-)']"
"Sanh, Georges","1909-, born Hanoi, Vietnam",1909,,Q1858,Hanoi, Vietnam,,painter,painter,Georges Sanh,"['Sanh, Georges (1909-, born Hanoi, Vietnam)']"
"Pei-Zhi, Lei",1909-1985,1909,1985,,,,,painter,painter,Lei Pei-Zhi,"['Pei-Zhi, Lei (1909-1985)']"
"McPharlin, Vincent","1910-1985, born Hastings, MI",1910,1985,Q2544149,Hastings, MI,,painter,painter,Vincent McPharlin,"['McPharlin, Vincent (1910-1985, born Hastings, MI)']"
"Judson, Jeanette Alexander",1912-2002,1912,2002,,,,,painter,painter,Jeanette Alexander Judson,"['Judson, Jeanette Alexander (1912-2002)']"
"Handly, Avery",1913-1958,1913,1958,,,,,painter,painter,Avery Handly,"['Handly, Avery (1913-1958)']"
Su-chin Wen Chen,"1914-, born Wu-hsing, Chekiang Province, China",1914,,Q16967,Wu-hsing," Chekiang Province, China",,painter,painter,Su-chin Wen Chen,"['Su-chin Wen Chen (1914-, born Wu-hsing, Chekiang Province, China)']"
"Floris, Marcel",1914-2007,1914,2007,,,,,printmaker,printmaker,Marcel Floris,"['Floris, Marcel (1914-2007)']"
"Gyra, Francis Joseph, Jr.",1914-2007,1914,2007,,,,,painter,painter,"Francis Joseph Gyra, Jr.","['Gyra, Francis Joseph, Jr. (1914-2007)']"
"Gutiérrez, Francisco","1915-1945, born Oaxaca, Mexico",1915,1945,Q34110,Oaxaca, Mexico,,printmaker,printmaker,Francisco Gutiérrez,"['Gutiérrez, Francisco (1915-1945, born Oaxaca, Mexico)']"
"Moore, Beveridge","1915-2004, born Richmond, VA",1915,2004,Q43421,Richmond, VA,,painter,painter,Beveridge Moore,"['Moore, Beveridge (1915-2004, born Richmond, VA)']"
"Holly, Gerald","1917-2004, born Lewisburg, TN",1917,2004,Q2355638,Lewisburg, TN,,photographer,photographer,Gerald Holly,"['Holly, Gerald (1917-2004, born Lewisburg, TN)']"
"Mabuchi, Toru","1920-1994, born Tokyo, Japan",1920,1994,Q1490,Tokyo, Japan,,printmaker,printmaker,Toru Mabuchi,"['Mabuchi, Toru (1920-1994, born Tokyo, Japan)']"
"Zirin, Nola","1920-, born New York, NY",1920,,Q60,New York, NY,,printmaker,printmaker,Nola Zirin,"['Zirin, Nola (1920-, born New York, NY)']"
"Johnston, Yves",1920-,1920,,,,,,printmaker,printmaker,Yves Johnston,"['Johnston, Yves (1920-)']"
"Perdikitis, Dimitri","1922-, born Athens, Greece",1922,,Q1524,Athens, Greece,,painter,painter,Dimitri Perdikitis,"['Perdikitis, Dimitri (1922-, born Athens, Greece)']"
"Rue, De La","1922-, born Paris, France",1922,,Q90,Paris, France,,painter,painter,De La Rue,"['Rue, De La (1922-, born Paris, France)']"
"Scharf, Ralph H.","1923-1993, born Chicago, IL",1923,1993,Q1297,Chicago, IL,,printmaker,printmaker,Ralph H. Scharf,"['Scharf, Ralph H. (1923-1993, born Chicago, IL)']"
"Phillips, Gray","1923-2005, born Chattanooga, TN, died Pacific Palisades, CA",1923,2005,Q186702,Chattanooga, TN,Q1370207,painter,painter,Gray Phillips,"['Phillips, Gray (1923-2005, born Chattanooga, TN, died Pacific Palisades, CA)']"
"Stark, George King","1923-1992, born Schenectady, NY, died Granby, NY",1923,1992,Q331380,Schenectady, NY,Q3708437,sculptor,sculptor,George King Stark,"['Stark, George King (1923-1992, born Schenectady, NY, died Granby, NY)']"
"Lacey, Ninon","1923-, born New Hampshire",1923,,Q759,New Hampshire,,,printmaker,printmaker,Ninon Lacey,"['Lacey, Ninon (1923-, born New Hampshire)']"
"Mauke, Rudolf","German artist, born 1924",1924,,,,,,painter,German artist,Rudolf Mauke,"['Mauke, Rudolf (German artist, born 1924)']"
"Ubeda, Augustin","Spanish artist, born 1925",1925,,,,,,painter,Spanish artist,Augustin Ubeda,"['Ubeda, Augustin (Spanish artist, born 1925)']"
"Loberg, Robert W.","1927-1999, born Chicago, IL",1927,1999,Q1297,Chicago, IL,,painter,painter,Robert W. Loberg,"['Loberg, Robert W. (1927-1999, born Chicago, IL)']"
"Cohen, Jean","1927-2013, born Brooklyn, NY, died Long Island, NY",1927,2013,Q18419,Brooklyn, NY,Q18438,printmaker,printmaker,Jean Cohen,"['Cohen, Jean (1927-2013, born Brooklyn, NY, died Long Island, NY)', 'Cohen, Jean (1927-2013, born New York, NY, died Long Island, NY)']"
"Tur Costa, Rafael","1927-, born Santa Eulalia, Ibiza, Spain",1927,,Q24009589,Santa Eulalia," Ibiza, Spain",,drawer,drawer,Rafael Tur Costa,"['Tur Costa, Rafael (1927-, born Santa Eulalia, Ibiza, Spain)']"
"Bryant, Olen","1927-2017, born Cookeville, TN",1927,2017,Q2456192,Cookeville, TN,,sculptor,sculptor,Olen Bryant,"['Bryant, Olen (1927-2017, born Cookeville, TN)']"
"Reika, Iwami",1927-1989,1927,1989,,,,,printmaker,printmaker,Iwami Reika,"['Reika, Iwami (1927-1989)']"
"Blakstad, Rolph","1929-, born Vancouver, Canada",1929,,Q24639,Vancouver, Canada,,printmaker,printmaker,Rolph Blakstad,"['Blakstad, Rolph (1929-, born Vancouver, Canada)']"
"Schwarz, Joseph","American painter, born 1929",1929,,,,,,painter,American painter,Joseph Schwarz,"['Schwarz, Joseph (American painter, born 1929)']"
"Carone, Matthew","1930-, born New Jersey",1930,,Q1408,New Jersey,,,painter,painter,Matthew Carone,"['Carone, Matthew (1930-, born New Jersey)', 'Carone, Matthew']"
"Starowieysky, Franciszek","1930-, born Bratkówka, Poland",1930,,Q2070933,Bratkówka, Poland,,printmaker,printmaker,Franciszek Starowieysky,"['Starowieysky, Franciszek (1930-, born Bratkówka, Poland)']"
"Hauser, Robert",1930,1930,,,,,,printmaker,printmaker,Robert Hauser,"['Hauser, Robert (1930)']"
"Loy, William",1930-,1930,,,,,,printmaker,printmaker,William Loy,"['Loy, William (1930-)']"
"Darnaud, Maxime","1931-, born Lyon, France",1931,,Q456,Lyon, France,,painter,painter,Maxime Darnaud,"['Darnaud, Maxime (1931-, born Lyon, France)']"
"Pounders, Alfred J.",1931-,1931,,,,,,painter,painter,Alfred J. Pounders,"['Pounders, Alfred J. (1931-)']"
"Wilson, Thomas Zvi",1931-,1931,,,,,,painter,painter,Thomas Zvi Wilson,"['Wilson, Thomas Zvi (1931-)']"
"Bush, Claire","1933-, born Pocono Lake, PA",1933,,Q16898647,Pocono Lake, PA,,painter,painter,Claire Bush,"['Bush, Claire (1933-, born Pocono Lake, PA)']"
"Pagliari, Giorgio","1933-2015, born Rome, Italy, died Ibiza, Spain",1933,2015,Q220,Rome, Italy,Q52631,printmaker,printmaker,Giorgio Pagliari,"['Pagliari, Giorgio (1933-2015, born Rome, Italy, died Ibiza, Spain)', 'Pagliari, Giorgio (1933-, born Rome, Italy)']"
"Bonifacio, Alfonso Gomez",1933-2011,1933,2011,,,,,printmaker,printmaker,Alfonso Gomez Bonifacio,"['Bonifacio, Alfonso Gomez (1933-2011)']"
"Anthony, Lawrence",1934-,1934,,,,,,sculptor,sculptor,Lawrence Anthony,"['Anthony, Lawrence (1934-)']"
"Legge, Willow",1934-,1934,,,,,,book artist,book artist,Willow Legge,"['Legge, Willow (1934-)']"
"Burg, Patricia Jean","Canadian artist, born 1934",1934,,,,,,printmaker,Canadian artist,Patricia Jean Burg,"['Burg, Patricia Jean (Canadian artist, born 1934)']"
"Huggins, Victor","1936-, born Durham, NC",1936,,Q49229,Durham, NC,,printmaker,printmaker,Victor Huggins,"['Huggins, Victor (1936-, born Durham, NC)', 'Huggins, Victor  (1936-)', 'Huggins, Victor (1936-)']"
"Cameron, Don",1936-,1936,,,,,,printmaker,printmaker,Don Cameron,"['Cameron, Don (1936-)']"
"Putten, Henk van","Dutch sculptor, born 1936",1936,,,,,,printmaker,Dutch sculptor,Henk van Putten,"['Putten, Henk van (Dutch sculptor, born 1936)']"
"Teixidor, Ferran","Spanish painter, born 1936",1936,,,,,,printmaker,Spanish painter,Ferran Teixidor,"['Teixidor, Ferran (Spanish painter, born 1936)']"
"Magnan, Oscar","1937-, born Cienfuegos, Cuba",1937,,Q190005,Cienfuegos, Cuba,,printmaker,printmaker,Oscar Magnan,"['Magnan, Oscar (1937-, born Cienfuegos, Cuba)']"
"Quijada, Robert","American artist, 1937-1994",1937,1994,,,,,painter,American artist,Robert Quijada,"['Quijada, Robert (American artist, 1937-1994)']"
"Garman, Michael",1938-,1938,,,,,,sculptor,sculptor,Michael Garman,"['Garman, Michael (1938-)']"
"Schlosser, Adolf",1939-,1939,,,,,,printmaker,printmaker,Adolf Schlosser,"['Schlosser, Adolf (1939-)']"
"Vail, Clover","American painter, born 1939",1939,,,,,,printmaker,American painter,Clover Vail,"['Vail, Clover (American painter, born 1939)']"
"Pfnür, Rainer","German artist, born 1939",1939,,,,,,printmaker,German artist,Rainer Pfnür,"['Pfnür, Rainer (German artist, born 1939)']"
"Vilà, Miquel","1940-, born Barcelona, Spain",1940,,Q1492,Barcelona, Spain,,printmaker,printmaker,Miquel Vilà,"['Vilà, Miquel (1940-, born Barcelona, Spain)']"
"Lenerts, Cis",1940,1940,,,,,,printmaker,printmaker,Cis Lenerts,"['Lenerts, Cis (1940)']"
"Acisclo, Manzano",1940-,1940,,,,,,printmaker,printmaker,Manzano Acisclo,"['Acisclo, Manzano (1940-)']"
"Katsuda, Yukio",1941-,1941,,,,,,printmaker,printmaker,Yukio Katsuda,"['Katsuda, Yukio (1941-)']"
Wattana Wattanapun,"Thai painter, born 1941",1941,,,,,,painter,Thai painter,Wattana Wattanapun,"['Wattana Wattanapun (Thai painter, born 1941)']"
"Ideal, Phillis","1942-, born Roswell, NM",1942,,Q33561,Roswell, NM,,printmaker,printmaker,Phillis Ideal,"['Ideal, Phillis (1942-, born Roswell, NM)']"
"Alvarez, Manuel Boix",1942-,1942,,,,,,printmaker,printmaker,Manuel Boix Alvarez,"['Alvarez, Manuel Boix (1942-)']"
"Hansen, Diana R.",1942-,1942,,,,,,printmaker,printmaker,Diana R. Hansen,"['Hansen, Diana R. (1942-)']"
"Puiggros, Pere",1942-,1942,,,,,,printmaker,printmaker,Pere Puiggros,"['Puiggros, Pere (1942-)']"
"Pecsenke, Joseph A.",1942-1989,1942,1989,,,,,printmaker,printmaker,Joseph A. Pecsenke,"['Pecsenke, Joseph A. (1942-1989)']"
"Vanderkooi, Lenore","1943-, born Boston, MA",1943,,Q100,Boston, MA,,ceramic artist,ceramic artist,Lenore Vanderkooi,"['Vanderkooi, Lenore (1943-, born Boston, MA)']"
"Juszczk, James Joseph","1943-, born Chicago, IL",1943,,Q1297,Chicago, IL,,printmaker,printmaker,James Joseph Juszczk,"['Juszczk, James Joseph (1943-, born Chicago, IL)', 'Juszczyk, James Joseph (American painter, born 1943)']"
"Herreyns, Gilbert","1943-, born Uccle, Belgium",1943,,Q203312,Uccle, Belgium,,printmaker,printmaker,Gilbert Herreyns,"['Herreyns, Gilbert (1943-, born Uccle, Belgium)']"
"Kanner, Chaim","1943-2000, born Nice, France",1943,2000,Q33959,Nice, France,,photographer,photographer,Chaim Kanner,"['Kanner, Chaim (1943-2000, born Nice, France)']"
"Gualdoni, Daniel",1943-,1943,,,,,,printmaker,printmaker,Daniel Gualdoni,"['Gualdoni, Daniel (1943-)']"
"Shapiro, David","American painter and printmaker, born 1943",1943,,,,,,drawer,American painter and printmaker,David Shapiro,"['Shapiro, David (American painter and printmaker, born 1943)']"
"Smyth, David","American painter, born 1943",1943,,,,,,printmaker,American painter,David Smyth,"['Smyth, David (American painter, born 1943)']"
"Husein, Faik","1944-2004, born Nasria, Iraq, died New York, NY",1944,2004,Q38811,Nasria, Iraq,Q60,printmaker,printmaker,Faik Husein,"['Husein, Faik (1944-2004, born Nasria, Iraq, died New York, NY)', 'Husein, Faik']"
"Mira, Eduardo",1945-,1945,,,,,,artist,artist,Eduardo Mira,"['Mira, Eduardo (1945-)']"
"Stewart, John P.",1945-,1945,,,,,,printmaker,printmaker,John P. Stewart,"['Stewart, John P. (1945-)']"
"Page, Judith","1946-, born Lexington, KY",1946,,Q49241,Lexington, KY,,sculptor,sculptor,Judith Page,"['Page, Judith (1946-, born Lexington, KY)']"
"Walkup, Kathleen","1946-, born Portland, OR",1946,,Q6106,Portland, OR,,printmaker,printmaker,Kathleen Walkup,"['Walkup, Kathleen  (1946-, born Portland, OR)']"
"Buxkamper, Barry",1946-,1946,,,,,,painter,painter,Barry Buxkamper,"['Buxkamper, Barry (1946-)']"
"Garret, Alvin",1946-,1946,,,,,,printmaker,printmaker,Alvin Garret,"['Garret, Alvin (1946-)']"
"Ross, Elliot","1947-, born Chicago, IL",1947,,Q1297,Chicago, IL,,book artist,book artist,Elliot Ross,"['Ross, Elliot  (1947-, born Chicago, IL)']"
"Lukas, Dennis","1947-, born Hamilton, Ontario",1947,,Q133116,Hamilton, Ontario,,painter,painter,Dennis Lukas,"['Lukas, Dennis (1947-, born Hamilton, Ontario)']"
"Richards, Rosalyn",1947-,1947,,,,,,painter,painter,Rosalyn Richards,"['Richards, Rosalyn (1947-)']"
"Teru, Okada",1947-,1947,,,,,,ceramic artist,ceramic artist,Okada Teru,"['Teru, Okada (1947-)']"
"Albán, Hernan Zúñiga","1948-, born Ambato, Ecuador",1948,,Q210161,Ambato, Ecuador,,printmaker,printmaker,Hernan Zúñiga Albán,"['Albán, Hernan Zúñiga (1948-, born Ambato, Ecuador)']"
"Nesbitt, Dawson",1948-,1948,,,,,,photographer,photographer,Dawson Nesbitt,"['Nesbitt, Dawson (1948-)']"
"Berger, Paul Eric","American photographer and printmaker, born 1948",1948,,,,,,photographer,American photographer and printmaker,Paul Eric Berger,"['Berger, Paul Eric (American photographer and printmaker, born 1948)']"
"Shalala, Edward","1949-, born Cleveland, OH",1949,,Q37320,Cleveland, OH,,printmaker,printmaker,Edward Shalala,"['Shalala, Edward (1949-, born Cleveland, OH)']"
"Wilkinson, Jeanne","1949-, born Duluth, MN",1949,,Q485708,Duluth, MN,,printmaker,printmaker,Jeanne Wilkinson,"['Wilkinson, Jeanne (1949-, born Duluth, MN)']"
"Bolotin, Jay","1949-, born Fayette County, KY",1949,,Q491931,Fayette County, KY,,printmaker,printmaker,Jay Bolotin,"['Bolotin, Jay (1949-, born Fayette County, KY)']"
"Michael, Creighton","American sculptor, born 1949",1949,,,,,,printmaker,American sculptor,Creighton Michael,"['Michael, Creighton (American sculptor, born 1949)']"
"Williams, Mark","1950-, born Pittsburgh, PA",1950,,Q1342,Pittsburgh, PA,,printmaker,printmaker,Mark Williams,"['Williams, Mark (1950-, born Pittsburgh, PA)']"
"Kalmbach, Ann","1950-, born Rochester, NY",1950,,Q49218,Rochester, NY,,printmaker,printmaker,Ann Kalmbach,"['Kalmbach, Ann and Kellner, Tatana (1950-, 1950-, born Rochester, NY; Prague, Czech Republic)']"
"Ruggie-Saunders, Cathie","1951-, born Chicago, IL",1951,,Q1297,Chicago, IL,,printmaker,printmaker,Cathie Ruggie-Saunders,"['Ruggie-Saunders, Cathie (1951-, born Chicago, IL)']"
"Waanders, Hans","1951-2001, born Enschede, Netherlands",1951,2001,Q33435365,Enschede, Netherlands,,printmaker,printmaker,Hans Waanders,"['Waanders, Hans (1951-2001, born Enschede, Netherlands)']"
"Peel, Michael","British painter, born 1951",1951,,,,,,printmaker,British painter,Michael Peel,"['Peel, Michael (British painter, born 1951)']"
"Phillips, John","1953-, born Chicago, IL",1953,,Q1297,Chicago, IL,,printmaker,printmaker,John Phillips,"['Phillips, John (1953-, born Chicago, IL)']"
"Jackson, Julian","1953-, born Richmond, VA",1953,,Q43421,Richmond, VA,,printmaker,printmaker,Julian Jackson,"['Jackson, Julian (1953-, born Richmond, VA)']"
"Jones, Bronlyn","1954-, born Williamsburg, IA",1954,,Q2099362,Williamsburg, IA,,drawer,drawer,Bronlyn Jones,"['Jones, Bronlyn (1954-, born Williamsburg, IA)']"
"Tosh, Paul,","1954-, born Kingsport, TN",1954,,Q241814,Kingsport, TN,,printmaker,printmaker,Paul Tosh,"['Tosh, Paul, (1954-, born Kingsport, TN)']"
"Held, Mara","1954-, born New York, NY",1954,,Q60,New York, NY,,printmaker,printmaker,Mara Held,"['Held, Mara (1954-, born New York, NY)']"
"Gibian, Mark",1954-,1954,,,,,,painter,painter,Mark Gibian,"['Gibian, Mark (1954-)']"
"Raymond, José Luis",1954-,1954,,,,,,photographer,photographer,José Luis Raymond,"['Raymond, José Luis (1954-)']"
"Zupanc, Terri","1955-, born Wisconsin",1955,,Q1537,Wisconsin,,,printmaker,printmaker,Terri Zupanc,"['Zupanc, Terri (1955-, born Wisconsin)']"
"Warren, Gabriel","1955-, born New Haven, CT",1955,,Q49145,New Haven, CT,,sculptor,sculptor,Gabriel Warren,"['Warren, Gabriel (1955-, born New Haven, CT)']"
"Teeuwen, Tjue","1955-, 1955-, born Eindhoven, Netherlands",1955,,Q9832,Eindhoven,Netherlands,,book artist,book artist,Tjue Teeuwen,"['Teeuwen, Tjue & Peter Foolen (1955-, 1955-, born Eindhoven, Netherlands)']"
"Lyles, Karen Leonard",1955-,1955,,,,,,drawer,drawer,Karen Leonard Lyles,"['Lyles, Karen Leonard (1955-)']"
"Thacker, Terry",1955-,1955,,,,,,painter,painter,Terry Thacker,"['Thacker, Terry (1955-)']"
"Cole, Willie","American artist, born 1955",1955,,,,,,printmaker,American artist,Willie Cole,"['Cole, Willie (American artist, born 1955)']"
"Hsiao, Gilbert","1956-, born Pennsylvania",1956,,Q1400,Pennsylvania,,,printmaker,printmaker,Gilbert Hsiao,"['Hsiao, Gilbert (1956-, born Pennsylvania)']"
"Abad, Antoni","1956-, born Barcelona, Spain",1956,,Q1492,Barcelona, Spain,,printmaker,printmaker,Antoni Abad,"['Abad, Antonio (1956-, born Barcelona, Spain)']"
"Hill, Daniel G.","1956-, born New York, NY",1956,,Q60,New York, NY,,printmaker,printmaker,Daniel G. Hill,"['Hill, Daniel G. (1956-, born New York, NY)']"
"D'Amato, Paul","American photographer, 1956 CE-",1956,,,,,,photographer,American photographer,Paul D'Amato,"[""D'Amato, Paul (American photographer, 1956 CE-)""]"
"Lavender, Randall",b. 1956,1956,,,,,,ceramic artist,ceramic artist,Randall Lavender,"['Lavender, Randall (b. 1956)']"
"Sherraden, Jim","1957-, born Salina, KS",1957,,Q1650620,Salina, KS,,printmaker,printmaker,Jim Sherraden,"['Sherraden, Jim (1957-, born Salina, KS)', 'Sherraden, Jim (1957, born Salina, KS)', 'Sherraden, Jim (1956-, born Salina, KS)', 'Sherraden, Jim, (1957-, born Salina, KS)', 'Sherraden, Jim, for Hatch Show Print (1957-, born Salina, KS)']"
"DeArcangelis, Gloria","1957-, born Munich, Germany",1957,,Q1726,Munich, Germany,,drawer,drawer,Gloria DeArcangelis,"['DeArcangelis, Gloria (1957-, born Munich, Germany)']"
"Reuther, Kit",1957-,1957,,,,,,painter,painter,Kit Reuther,"['Reuther, Kit (1957-)']"
"Maine, Stephen","1958-, born Hartford, CT",1958,,Q33486,Hartford, CT,,printmaker,printmaker,Stephen Maine,"['Maine, Stephen (1958-, born Hartford, CT)']"
"Vasek, Vera","1959-, born Buffalo, NY",1959,,Q40435,Buffalo, NY,,printmaker,printmaker,Vera Vasek,"['Vasek, Vera (1959-, born Buffalo, NY)']"
"Killaars, Fransje","Dutch artist, born 1959",1959,,,,,,printmaker,Dutch artist,Fransje Killaars,"['Killaars, Fransje (Dutch artist, born 1959)']"
"Friesicke, Sabine","1960-, born Hamburg, Germany",1960,,Q1055,Hamburg, Germany,,painter,painter,Sabine Friesicke,"['Friesicke, Sabine (1960-, born Hamburg, Germany)']"
"Sook, Koo Kyung","1960-, born Seoul, Korea",1960,,Q1192050,Seoul, Korea,,photographer,photographer,Koo Kyung Sook,"['Sook, Koo Kyung (1960-, born Seoul, Korea)']"
"Karlik, Steve","1960-, born Portland, OR",1960,,Q6106,Portland, OR,,printmaker,printmaker,Steve Karlik,"['Karlik, Steve (1960-, born Portland, OR)']"
"Verbeek, Kees","1961-, born Son, Netherlands",1961,,Q628616,Son, Netherlands,,book artist,book artist,Kees Verbeek,"['Verbeek, Kees (1961-, born Son, Netherlands)']"
"Sietens, Guntars","1962-, born Kuldiga, Latvia",1962,,Q155281,Kuldiga, Latvia,,printmaker,printmaker,Guntars Sietens,"['Sietens, Guntars (1962-, born Kuldiga, Latvia)']"
"Matz, Jeff","1963-, born Orlando, FL",1963,,Q49233,Orlando, FL,,printmaker,printmaker,Jeff Matz,"['Matz, Jeff (1963-, born Orlando, FL)']"
"Gonzáles, Teo","1964-, born Quinto, Spain",1964,,Q1752280,Quinto, Spain,,drawer,drawer,Teo Gonzáles,"['Gonzáles, Teo (1964-, born Quinto, Spain)']"
"Namgay, Phurba","1964-, born Chendipji, Tongsa, Bhutan",1964,,Q4511781,Chendipji," Tongsa, Bhutan",,painter,painter,Phurba Namgay,"['Namgay, Phurba (1964-, born Chendipji, Tongsa, Bhutan)']"
"Chiplis, Martha","1964-, born Indianapolis, IN",1964,,Q6346,Indianapolis, IN,,printmaker,printmaker,Martha Chiplis,"['Chiplis, Martha (1964-, born Indianapolis, IN)']"
"Hochstetler, T. Max",1964-,1964,,,,,,painter,painter,T. Max Hochstetler,"['Hochstetler, T. Max (1964-)', 'Hochstetler, T. Max']"
"Shotz, Allison","American artist, born 1964",1964,,,,,,printmaker,American artist,Allison Shotz,"['Shotz, Allison (American artist, born 1964)']"
"Frederick, Michael","1966-, born Chabanse, IL",1966,,Q2188558,Chabanse, IL,,printmaker,printmaker,Michael Frederick,"['Frederick, Michael (1966-, born Chabanse, IL)', 'Frederick, Michael, (1966-, born Chabanse, IL)', 'Frederick, Michael, for Hatch Show Print (1966-, born Chabanse, IL)', 'Frederick, Mike']"
"Kadi, Ramon Marcus","1967, born Surabaya, Indonesia",1967,,Q11462,Surabaya, Indonesia,,printmaker,printmaker,Ramon Marcus Kadi,"['Kadi, Ramon Marcus (1967, born Surabaya, Indonesia)']"
"Elrod, Joel","1967-, born Omaha, NE",1967,,Q43199,Omaha, NE,,printmaker,printmaker,Joel Elrod,"['Elrod, Joel (1967-, born Omaha, NE)']"
"Dooley, Tim","1967-, born Miami, FL",1967,,Q8652,Miami, FL,,printmaker,printmaker,Tim Dooley,"['Dooley, Tim and Wilson, Aaron  (1967-, 1972-, born Miami, FL; Xenia, OH)', 'Dooley, Tim and Wilson, Aaron (1967-, 1972-, born Miami, FL; Xenia, OH)']"
"Grzeca, Dan","1968-, born Chicago, IL",1968,,Q1297,Chicago, IL,,painter,painter,Dan Grzeca,"['Grzeca, Dan (1968-, born Chicago, IL)']"
"Powney, J. Suzanne","1969-, born Biloxi, MS",1969,,Q490720,Biloxi, MS,,printmaker,printmaker,J. Suzanne Powney,"['Powney, J. Suzanne  (1969-, born Biloxi, MS)']"
"Dunson, Samuel L. Jr.","1970-, born Dayton, OH",1970,,Q34739,Dayton, OH,,painter,painter,"Samuel L. Dunson, Jr.","['Dunson, Samuel L. Jr. (1970-, born Dayton, OH)']"
"McAleer-Keeler, Kerry","1971-, born Providence, RI",1971,,Q18383,Providence, RI,,printmaker,printmaker,Kerry McAleer-Keeler,"['McAleer-Keeler, Kerry (1971-, born Providence, RI)']"
"Ruffin, Katherine McCanless","1972-, born Huntsville, AL",1972,,Q79860,Huntsville, AL,,printmaker,printmaker,Katherine McCanless Ruffin,"['Ruffin, Katherine McCanless  (1972-, born Huntsville, AL)']"
"Sudyka, Diana",1972-,1972,,,,,,printmaker,printmaker,Diana Sudyka,"['Sudyka, Diana (1972-)']"
"Egan, Matt","1973-, born Newmarket, Ontario, Canada",1973,,Q52999,Newmarket, Ontario,,artist,artist,Matt Egan,"['Egan, Matt, Muise, Heather (1973-, 1971-, born Newmarket, Ontario, Canada; Windsor, Ontario, Canada)']"
"Daly, Mat",1974-,1974,,,,,,printmaker,printmaker,Mat Daly,"['Daly, Mat (1974-)']"
"Jimerfield, Dan","1974-, born Cumberland, MO",1974,,,Cumberland, MO,,printmaker,printmaker,Dan Jimerfield,"['Jimerfield, Dan (1974-, born Cumberland, MO)', 'Jimerfield, Dan, for Hatch Show Print (1974-, born Cumberland, MO)']"
Bryce McCloud,"1975, born Nashville, TN",1975,,Q23197,Nashville, TN,,printmaker,printmaker,Bryce McCloud,"['Bryce McCloud (1975, born Nashville, TN)']"
"McCloud, Bryce","1975, born Nashville, TN",1975,,Q23197,Nashville, TN,,printmaker,printmaker,Bryce McCloud,"['McCloud, Bryce (1975, born Nashville, TN)', 'McCloud, Bryce (1975-, born Nashville, TN)', 'McCloud, Bryce (Nashville, TN, born 1975-)', 'McCloud, Bryce, (1975-, born Nashville, TN)', 'McCloud, Bryce, for Hatch Show Print (1975-, born Nashville, TN)']"
"Millard, Travis","1975-, born St. Joseph, MO",1975,,Q745120,St. Joseph, MO,,printmaker,printmaker,Travis Millard,"['Millard, Travis (1975-, born St. Joseph, MO)', 'Millard, Travis']"
"Shane, Joel","1976-, born Winnipeg, Manitoba, Canada",1976,,Q2135,Winnipeg, Manitoba,,printmaker,printmaker,Joel Shane,"['Shane, Joel (1976-, born Winnipeg, Manitoba, Canada)']"
"Creightney, Karsten","1976-, born Albuquerque, New Mexico",1976,,Q34804,Albuquerque, New Mexico,,printmaker,printmaker,Karsten Creightney,"['Creightney, Karsten  (1976-, born Albuquerque, New Mexico)']"
"McCoy, Sarah","1976-, born Madison, WI",1976,,Q43788,Madison, WI,,printmaker,printmaker,Sarah McCoy,"['McCoy, Sarah  (1976-, born Madison, WI)']"
Jeremy D. Maynard,"1977-, born Nashville, TN",1977,,Q23197,Nashville, TN,,printmaker,printmaker,Jeremy D. Maynard,"['Jeremy D. Maynard (1977-, born Nashville, TN)']"
"Maynard, Jeremy D.","1977-, born Nashville, TN",1977,,Q23197,Nashville, TN,,printmaker,printmaker,Jeremy D. Maynard,"['Maynard, Jeremy D. (1977-, born Nashville, TN)', 'Maynard, Jeremy D., (1977-, born Nashville, TN)', 'Maynard, Jeremy D., for Hatch Show Print (1977-, born Nashville, TN)']"
"Sherrard, Toby","1977-, born Seattle, WA",1977,,Q5083,Seattle, WA,,printmaker,printmaker,Toby Sherrard,"['Sherrard, Toby (1977-, born Seattle, WA)']"
"Bryant, Edan M.","1978-, born Nashville, TN",1978,,Q23197,Nashville, TN,,printmaker,printmaker,Edan M. Bryant,"['Bryant, Edan M. (1978-, born Nashville, TN)', 'Bryant, Edan M. 1978, born Nashville, TN)', 'Bryant, Edan M., (1978-, born Nashville, TN)', 'Bryant, Edan M., for Hatch Show Print (1978-, born Nashville, TN)']"
"Salter, Erin","1978-, born Nashville, TN",1978,,Q23197,Nashville, TN,,printmaker,printmaker,Erin Salter,"['Salter, Erin (1978-, born Nashville, TN)']"
"Marcus, Caleb Cain","1978-, born U.S.A.",1978,,Q30,U.S.A.,,,photographer,photographer,Caleb Cain Marcus,"['Marcus, Caleb Cain (1978-, born U.S.A.)']"
"McIntyre, Mike","1978-, born St. Louis, MO",1978,,Q38022,St. Louis, MO,,printmaker,printmaker,Mike McIntyre,"['McIntyre, Mike (1978-, born St. Louis, MO)']"
"Gill, Jenny","1979-, born Monterey, CA",1979,,Q487315,Monterey, CA,,printmaker,printmaker,Jenny Gill,"['Gill, Jenny (1979-, born Monterey, CA)', 'Gill, Jenny (1979, born Monterey, CA)']"
"Butcher, Nick","1980-, born Dyersburg, TN",1980,,Q1268670,Dyersburg, TN,,painter,painter,Nick Butcher,"['Butcher, Nick (1980-, born Dyersburg, TN)']"
"O'Connell, Kathleen","1980-, born Plattsburgh, NY",1980,,Q998669,Plattsburgh, NY,,printmaker,printmaker,Kathleen O'Connell,"[""O'Connell, Kathleen (1980-, born Plattsburgh, NY)""]"
"Gill, Casey","1981-, born Monterey, CA",1981,,Q487315,Monterey, CA,,printmaker,printmaker,Casey Gill,"['Gill, Casey (1981-, born Monterey, CA)', 'Gill, Casey (1981, born Monterey, CA)']"
Casey D.Gill,"1981, born Monterey, CA",1981,,Q487315,Monterey, CA,,printmaker,printmaker,Casey D.Gill,"['Casey D.Gill (1981, born Monterey, CA)']"
"Herlocker, Annie","1982-, born Indianapolis, IN",1982,,Q6346,Indianapolis, IN,,printmaker,printmaker,Annie Herlocker,"['Herlocker, Annie  (1982-, born Indianapolis, IN)']"
"Janezic, Alexandra","1988-, born Orange, TX",1988,,Q982388,Orange, TX,,printmaker,printmaker,Alexandra Janezic,"['Janezic, Alexandra and Runkle, Matt (1988-, 1977-, born Orange, TX; Spokane, WA)']"
"Gosnell, Patrick","1989-, born Atlanta, GA",1989,,Q23556,Atlanta, GA,,printmaker,printmaker,Patrick Gosnell,"['Gosnell, Patrick (1989-, born Atlanta, GA)']"
"Sherman, Levi","1990-, born Seattle, WA",1990,,Q5083,Seattle, WA,,printmaker,printmaker,Levi Sherman,"['Sherman, Levi and Gomez, Carly (1990-, born Seattle, WA)']"
"Raffetto, Giuseppe","ca. 1750, born Genoa, Italy",,,Q1449,"Genoa, Italy",,,drawer,drawer,Giuseppe Raffetto,"['Raffetto, Giuseppe (ca. 1750, born Genoa, Italy)', 'Raffetto, Giuseppe']"
"Aramesco, Gigi","born Galatz, Romania",,,Q170996,Galatz,Romania,,painter,painter,Gigi Aramesco,"['Aramesco, Gigi (born Galatz, Romania)']"
"Gibson, Anita",", born Lima, Peru",,,Q211795,Lima,Peru,,printmaker,printmaker,Anita Gibson,"['Gibson, Anita (, born Lima, Peru)', 'Gibson, Anita', 'Gibson, Anita  (born Lima, Peru)']"
"Rogers, Louise De Gignilliet","born Macon, GA",,,Q219656,Macon,GA,,printmaker,printmaker,Louise De Gignilliet Rogers,"['Rogers, Louise De Gignilliet (born Macon, GA)', 'Rogers, Louise De Gignilliet']"
"Hooper, Tim","ca. 1970, born Nashville, TN",,,Q23197,Nashville,TN,,printmaker,printmaker,Tim Hooper,"['Hooper, Tim (ca. 1970, born Nashville, TN)']"
"Fries, Katherine J.",", born Lincoln, NE",,,Q28260,Lincoln,NE,,printmaker,printmaker,Katherine J. Fries,"['Fries, Katherine J. (, born Lincoln, NE)']"
"Hayashi, Genzaburo","born Kyoto, Japan",,,Q34600,Kyoto,Japan,,painter,painter,Genzaburo Hayashi,"['Hayashi, Genzaburo (born Kyoto, Japan)']"
"Hulsey, Sarah",", born Oklahoma City, OK",,,Q34863,Oklahoma City,OK,,printmaker,printmaker,Sarah Hulsey,"['Hulsey, Sarah (, born Oklahoma City, OK)']"
"Russell, Scott","born Bloomington, IN",,,Q490385,Bloomington,IN,,printmaker,"printmaker, for Hatch Show Print",Scott Russell,"['Russell, Scott, for Hatch Show Print (born Bloomington, IN)']"
"Wakeland, Ray","-1964, born Monteagle, TN",,1964,Q646230,Monteagle, TN,,ceramic artist,ceramic artist,Ray Wakeland,"['Wakeland, Ray (-1964, born Monteagle, TN)']"
"Zivkovic, Zdenka",born Czechoslovakia,1921,2011,Q33946,,Czechoslovakia,,painter,painter,Zdenka Zivkovic,"['Zivkovic, Zdenka (born Czechoslovakia)', 'Zivkovic, Zdenka (, born Czechoslovakia)']"
"Penland, Jean Wall",American painter and etcher,1938,2019,,,,,painter,American painter and etcher,Jean Wall Penland,"['Penland, Jean Wall (American painter and etcher)']"
"Soreff, Helen","American painter, 20th century",1926,1998,Q60,,,Q60,printmaker,"American painter, 20th century",Helen Soreff,"['Soreff, Helen (American painter, 20th century)']"
"Westphal, Fred","German artist, active 20th century",,,Q183,,,,printmaker,"German artist, active 20th century",Fred Westphal,"['Westphal, Fred (German artist, active 20th century)', 'Westphal, Fred']"
"Polidori, Gian Carlo","Italian artist, active 19th-20th century",1895,1962,Q38,,,,painter,painter,Gian Carlo Polidori,"['Polidori, Gian Carlo (Italian artist, active 19th-20th century)']"
Ryuho,Rippo,1599,1669,Q17,,,,book artist,book artist,Hinaya Ryuho,"['Ryuho (Rippo), Hinaya (1597-1669)']"
"Kniseley, Judy","-1964, ca.",,,,,,,drawer,drawer,Judy Kniseley,"['Kniseley, Judy (-1964, ca.)']"
"Beeldemaker, Johannes","Dutch painter, born 1630 or 1636, died after 1710",,,,,,,painter,Dutch painter,Johannes Beeldemaker,"['Beeldemaker, Johannes (Dutch painter, born 1630 or 1636, died after 1710)']"
"Bong, Woo",ca. 1948,,,,,,,painter,painter,Woo Bong,"['Bong, Woo (ca. 1948)']"
Haverford Painter,"Greek vase painter, active ca. 375-ca. 350 BCE in Apulia",,,,,,,ceramic artist,Greek vase painter,Haverford Painter,"['Haverford Painter (Greek vase painter, active ca. 375-ca. 350 BCE in Apulia)']"
Zhou Tao,born China,,,Q29520,,China,,painter,painter,Zhou Tao,['Zhou Tao (born China)']
Ch'en Ku,", born P'eng-Ch'eng, China",,,Q57719, P'eng-Ch'eng,China,,painter,painter,Ch'en Ku,"[""Ch'en Ku (, born P'eng-Ch'eng, China)""]"
Ahmad ibn al-Fadil ibn Ahmad al-Sharif al-'Ayyashi,al-Husayni,,,,,,,artist,artist,Ahmad ibn al-Fadil ibn Ahmad al-Sharif al-'Ayyashi,"[""Ahmad ibn al-Fadil ibn Ahmad al-Sharif al-'Ayyashi (al-Husayni)""]"
"MacKenzie, David","British architect, 20th century",,,,,,,printmaker,"British architect, 20th century",David MacKenzie,"['MacKenzie, David (British architect, 20th century)']"
"Rutherford, Eric","British artist, active from 1963",,,,,,,printmaker,"printmaker, active from 1963",Eric Rutherford,"['Rutherford, Eric (British artist, active from 1963)']"
Matthew Oesterreich,designer,,,,,,,printmaker,designer,Matthew Oesterreich,['Matthew Oesterreich (designer) and Lorenzo Zucchi (engraver)']
"Mitsunobu, Hasegawa",Eishun,,,,,,,book artist,book artist,Hasegawa Mitsunobu,"['Mitsunobu, Hasegawa (Eishun) (1790-1848)']"
"Hasegawa, Konobu",fl. late 19th c.,,,,,,,printmaker,printmaker,Konobu Hasegawa,"['Hasegawa, Konobu (fl. late 19th c.)']"
"Larmessin, Nicolas, III","French engraver, ca.1640-1725",,,,,,,printmaker,French engraver,Nicolas Larmessin III,"['Larmessin, Nicolas, III (French engraver, ca.1640-1725)']"
"Handschick, Heinz","German painter, contemporary",,,,,,,printmaker,contemporary German painter,Heinz Handschick,"['Handschick, Heinz (German painter, contemporary)']"
"Chokosai, Eisho","Japanese printmaker, active 1793-1799",,,,,,,printmaker,"Japanese printmaker, active 1793-1799",Eisho Chokosai,"['Chokosai, Eisho (Japanese printmaker, active 1793-1799)']"
Torii Kiyomasu I,"Japanese woodblock print designer, active 1697-1722 (there is another one with different dates!)",,,,,,,printmaker,Japanese woodblock print designer,Torii Kiyomasu I,"['Torii Kiyomasu I (Japanese woodblock print designer, active 1697-1722)']"
Jichosai,Nichosai,,,,,,,book artist,book artist,Jichosai,['Jichosai (Nichosai) (1781-1788)']
"Heras, Arturo",or Heras Sanz,,,,,,,printmaker,printmaker,Arturo Heras,"['Heras, Arturo (or Heras Sanz)  (1945-, born Valencia, Spain)']"
Matsuyama,or Shozan,,,,,,,painter,painter,Matsuyama,['Matsuyama (or Shozan)']
"Smith, Peggy","painter, active 20th century",,,,,,,painter,"painter, active 20th century",Peggy Smith,"['Smith, Peggy (painter, active 20th century)']"
Sepesky,Shephard,,,,,,,printmaker,printmaker,Sepesky,['Sepesky (Shephard)']
"Adam, G.",,,,,,,,printmaker,printmaker,G. Adam,"['Adam, G.']"
Adary,,,,,,,,artist,artist,Adary,['Adary']
"Andrus, F.",,,,,,,,painter,painter,F. Andrus,"['Andrus, F.']"
"Axelrod, H.",,,,,,,,painter,painter,H. Axelrod,"['Axelrod, H.']"
"Bach, R.",,,,,,,,printmaker,printmaker,R. Bach,"['Bach, R.']"
"Barrós, Alfred",,,,,,,,printmaker,printmaker,Alfred Barrós,"['Barrós, Alfred']"
"Bauer, Ann",,,,,,,,printmaker,printmaker,Ann Bauer,"['Bauer, Ann']"
Baviera,,,,,,,,printmaker,printmaker,Baviera,['Baviera ']
"Berger, Emily",,,,,,,,printmaker,printmaker,Emily Berger,"['Berger, Emily']"
"Bernards, B.",,,,,,,,printmaker,printmaker,B. Bernards,"['Bernards, B.']"
"Bill, Virginia F.",,,,,,,,drawer,drawer,Virginia F. Bill,"['Bill, Virginia F.']"
"Birchall, L. M.",,,,,,,,artist,artist,L. M. Birchall,"['Birchall, L. M.']"
"Blakeley, Fannie B.",,,,,,,,printmaker,printmaker,Fannie B. Blakeley,"['Blakeley, Fannie B.']"
"Blocker, Mare",,,,,,,,printmaker,printmaker,Mare Blocker,"['Blocker, Mare']"
"Blum, Dorothea",,,,,,,,painter,painter,Dorothea Blum,"['Blum, Dorothea']"
"Boichard, S.",,,,,,,,printmaker,printmaker,S. Boichard,"['Boichard, S.']"
"Bonfils, Susan",,,,,,,,printmaker,printmaker,Susan Bonfils,"['Bonfils, Susan']"
"Bossi, Benignio",,,,,,,,printmaker,printmaker,Benignio Bossi,"['Bossi, Benignio and Mazzuoli, Francesco']"
Bouslough,,,,,,,,painter,painter,Bouslough,['Bouslough']
"Boyse, William H.",,,,,,,,artist,artist,William H. Boyse,"['Boyse, William H.']"
"Boysen, William H.",,,,,,,,artist,artist,William H. Boysen,"['Boysen, William H.']"
"Branolt, Gernot",,,,,,,,printmaker,printmaker,Gernot Branolt,"['Branolt, Gernot']"
"Brown, Clinton",,,,,,,,printmaker,printmaker,Clinton Brown,"['Brown, Clinton ']"
"Burke, G.",,,,,,,,printmaker,printmaker,G. Burke,"['Burke, G.']"
"Cabanes, Pierre Franz",,,,,,,,drawer,drawer,Pierre Franz Cabanes,"['Cabanes, Pierre Franz']"
"Cantrell, Leon",,,,,,,,photographer,photographer,Leon Cantrell,"['Cantrell, Leon']"
"Carey, Henry",,,,,,,,painter,painter,Henry Carey,"['Carey, Henry']"
Carle,,,,,,,,artist,artist,Carle,['Carle']
"Chamberlain, Mitchell",,,,,,,,printmaker,printmaker,Mitchell Chamberlain,"['Chamberlain, Mitchell']"
Chang Tse-tuan,,,,,,,,painter,painter,Chang Tse-tuan,['Chang Tse-tuan']
Chao Fen,,,,,,,,painter,painter,Chao Fen,['Chao Fen']
Chen Yuzhang,,,,,,,,artist,artist,Chen Yuzhang,['Chen Yuzhang']
"Chwedczuk, M",,,,,,,,printmaker,printmaker,M Chwedczuk,"['Chwedczuk, M']"
"Clairey, Irene",,,,,,,,artist,artist,Irene Clairey,"['Clairey, Irene']"
"Clark, J.",,,,,,,,printmaker,printmaker,J. Clark,"['Clark, J.']"
"Clayton, Charles",,,,,,,,printmaker,printmaker,Charles Clayton,"['Clayton, Charles']"
"Cohen, George Etta Brinkley",,,,,,,,ceramic artist,ceramic artist,George Etta Brinkley Cohen,"['Cohen, George Etta Brinkley']"
"Cohick, Aaron",,,,,,,,printmaker,printmaker,Aaron Cohick,"['Cohick, Aaron']"
"Collado, Lisa",,,,,,,,printmaker,printmaker,Lisa Collado,"['Collado, Lisa']"
"Connor, Colin",,,,,,,,printmaker,printmaker,Colin Connor,"['Connor, Colin']"
"Conse, C.",,,,,,,,printmaker,printmaker,C. Conse,"['Conse, C.']"
"Conti, A.",,,,,,,,painter,painter,A. Conti,"['Conti, A.']"
Cordnin,,,,,,,,printmaker,printmaker,Cordnin,['Cordnin']
"Craig, R.H.",,,,,,,,painter,painter,R.H. Craig,"['Craig, R.H.']"
"Cucaro, Pat",,,,,,,,painter,painter,Pat Cucaro,"['Cucaro, Pat']"
"d'Harcourt, Childe de Rohan",,,,,,,,drawer,drawer,Childe de Rohan d'Harcourt,"[""d'Harcourt, Childe de Rohan""]"
"Dennis, W.",,,,,,,,printmaker,printmaker,W. Dennis,"['Dennis, W.']"
Docenud,,,,,,,,artist,artist,Docenud,['Docenud']
Donovan,,,,,,,,drawer,drawer,Donovan,['Donovan']
"Drosd, F.",,,,,,,,painter,painter,F. Drosd,"['Drosd, F.']"
"Duret, A.",,,,,,,,painter,painter,A. Duret,"['Duret, A.']"
"Ellis, Frank E.",,,,,,,,artist,artist,Frank E. Ellis,"['Ellis, Frank E.']"
Ernst,,,,,,,,printmaker,printmaker,Ernst,['Ernst']
"Estellido, Comp",,,,,,,,printmaker,printmaker,Comp Estellido,"['Estellido, Comp']"
"Fandos, Manuel",,,,,,,,painter,painter,Manuel Fandos,"['Fandos, Manuel']"
"Fatiquant, R.",,,,,,,,painter,painter,R. Fatiquant,"['Fatiquant, R.']"
"Fisher, E.",,,,,,,,painter,painter,E. Fisher,"['Fisher, E.']"
Flasho,,,,,,,,printmaker,printmaker,Flasho,['Flasho']
"Florez, Garzon",,,,,,,,printmaker,printmaker,Garzon Florez,"['Florez, Garzon']"
"Foster, Tom",,,,,,,,painter,painter,Tom Foster,"['Foster, Tom']"
Frankenstein,,,,,,,,painter,painter,Frankenstein,['Frankenstein']
"Freeman, Carol Lawton",,,,,,,,printmaker,printmaker,Carol Lawton Freeman,"['Freeman, Carol Lawton']"
"Garicola, K.",,,,,,,,drawer,drawer,K. Garicola,"['Garicola, K.']"
"Gastlund, Knud",,,,,,,,book artist,book artist,Knud Gastlund,"['Gastlund, Knud & Sert, Jose Luis']"
"Genter, Karen",,,,,,,,book artist,book artist,Karen Genter,"['Genter, Karen']"
Georgii-Hemming,,,,,,,,artist,artist,Georgii-Hemming,['Georgii-Hemming']
Gerasch,,,,,,,,printmaker,printmaker,Gerasch,['Gerasch']
"Gibson, James",,,,,,,,sculptor,sculptor,James Gibson,"['Gibson, James']"
"Gold, Hel",,,,,,,,printmaker,printmaker,Hel Gold,"['Gold, Hel']"
"Goodyear, J.",,,,,,,,printmaker,printmaker,J. Goodyear,"['Goodyear, J.']"
Gremillier,,,,,,,,printmaker,printmaker,Gremillier,['Gremillier']
"Griffith, E.N.",,,,,,,,painter,painter,E.N. Griffith,"['Griffith, E.N.']"
"Gwinn, John",,,,,,,,drawer,drawer,John Gwinn,"['Gwinn, John']"
"Haberman, Gwen",,,,,,,,printmaker,printmaker,Gwen Haberman,"['Haberman, Gwen']"
Haendil,,,,,,,,painter,painter,Haendil,['Haendil']
"Hallmandel, C.",,,,,,,,artist,artist,C. Hallmandel,"['Hallmandel, C.']"
"Hart, W.C.",,,,,,,,printmaker,printmaker,W.C. Hart,"['Hart, W.C. ']"
"Hasegawa, Masanobu",,,,,,,,book artist,book artist,Masanobu Hasegawa,"['Hasegawa, Masanobu']"
"Hashimoto, Goyo",,,,,,,,printmaker,printmaker,Goyo Hashimoto,"['Hashimoto, Goyo & Kaburagi, Kiyokata']"
"Hawkins, Christie",,,,,,,,artist,artist,Christie Hawkins,"['Hawkins, Christie']"
Heidenreich,,,,,,,,printmaker,printmaker,Heidenreich,['Heidenreich']
"Heidenreich, D.",,,,,,,,printmaker,printmaker,D. Heidenreich,"['Heidenreich, D.']"
"Hendee, A.",,,,,,,,printmaker,printmaker,A. Hendee,"['Hendee, A.']"
"Hoffmann, E.P.",,,,,,,,printmaker,printmaker,E.P. Hoffmann,"['Hoffmann, E.P.']"
"Hōko, Ichimosai",,,,,,,,book artist,book artist,Ichimosai Hōko,"['Hōko, Ichimosai', 'Hoko, Ichimosai']"
"Hollingsworth, Bob",,,,,,,,painter,painter,Bob Hollingsworth,"['Hollingsworth, Bob']"
"Hoseki, Sanji",,,,,,,,printmaker,printmaker,Sanji Hoseki,"['Hoseki, Sanji']"
"Hotta, Renzan",,,,,,,,book artist,book artist,Renzan Hotta,"['Hotta, Renzan']"
"Howard, John",,,,,,,,painter,painter,John Howard,"['Howard, John']"
"Hu, Jiang",,,,,,,,painter,painter,Jiang Hu,"['Hu, Jiang']"
"Ichida, Jirobei",,,,,,,,book artist,book artist,Jirobei Ichida,"['Ichida, Jirobei']"
Ikkoku-sai,,,,,,,,artist,artist,Ikkoku-sai,['Ikkoku-sai']
"Inoue, Kenroku Sensei",,,,,,,,book artist,book artist,Kenroku Sensei Inoue,"['Inoue, Kenroku Sensei']"
"Itakura, Shukuei",,,,,,,,book artist,book artist,Shukuei Itakura,"['Itakura, Shukuei']"
"Itiani, A.",,,,,,,,painter,painter,A. Itiani,"['Itiani, A.']"
"Janus, Jan",,,,,,,,artist,artist,Jan Janus,"['Janus, Jan']"
Jiang Hu,,,,,,,,painter,painter,Jiang Hu,['Jiang Hu']
"Jimenez, Luis",,,,,,,,printmaker,printmaker,Luis Jimenez,"['Jimenez, Luis']"
"Josephson, Laura",,,,,,,,photographer,photographer,Laura Josephson,"['Josephson, Laura']"
Kado,,,,,,,,painter,painter,Kado,['Kado']
"Karail, Ilonka",,,,,,,,printmaker,printmaker,Ilonka Karail,"['Karail, Ilonka']"
"Katsugawa, Hirosuke",,,,,,,,book artist,book artist,Hirosuke Katsugawa,"['Katsugawa, Hirosuke and Haruaki Fiji']"
"Katsushika, Isai",,,,,,,,printmaker,printmaker,Isai Katsushika,"['Katsushika, Isai']"
Keisui,,,,,,,,printmaker,printmaker,Keisui,['Keisui ']
Kim Sal Rui,,,,,,,,painter,painter,Kim Sal Rui,['Kim Sal Rui']
"Kings, John",,,,,,,,painter,painter,John Kings,"['Kings, John']"
"Kinsai, Dojin",,,,,,,,book artist,book artist,Dojin Kinsai,"['Kinsai, Dojin']"
Kitabat,,,,,,,,printmaker,printmaker,Kitabat,['Kitabat']
Koshin,,,,,,,,painter,painter,Koshin,['Koshin']
"Krauze, A",,,,,,,,printmaker,printmaker,A Krauze,"['Krauze, A']"
"Kutner, Christophe",,,,,,,,printmaker,printmaker,Christophe Kutner,"['Kutner, Christophe']"
Kwannon,,,,,,,,printmaker,printmaker,Kwannon,['Kwannon']
Kwasniewska,,,,,,,,printmaker,printmaker,Kwasniewska,['Kwasniewska']
"La Rouke, Hector",,,,,,,,painter,painter,Hector La Rouke,"['La Rouke, Hector']"
"Lafitte, Andrew",,,,,,,,printmaker,printmaker,Andrew Lafitte,"['Lafitte, Andrew']"
"Lancaster, Paul",,,,,,,,painter,painter,Paul Lancaster,"['Lancaster, Paul']"
"Landry, G.",,,,,,,,printmaker,printmaker,G. Landry,"['Landry, G.']"
"Langworthy, Sara",,,,,,,,printmaker,printmaker,Sara Langworthy,"['Langworthy, Sara']"
"Leach, John",,,,,,,,ceramic artist,ceramic artist,John Leach,"['Leach, John']"
Lemercier,,,,,,,,printmaker,printmaker,Lemercier,['Lemercier']
Lemoir,,,,,,,,printmaker,printmaker,Lemoir,['Lemoir']
"Lent, Lillian",,,,,,,,printmaker,printmaker,Lillian Lent,"['Lent, Lillian']"
"Lentrein, Charlotte",,,,,,,,painter,painter,Charlotte Lentrein,"['Lentrein, Charlotte']"
"LeQuire, Louise",,,,,,,,painter,painter,Louise LeQuire,"['LeQuire, Louise', 'Lequire, Louise']"
Lihacault,,,,,,,,printmaker,printmaker,Lihacault,['Lihacault']
"Lurnson, Mon",,,,,,,,printmaker,printmaker,Mon Lurnson,"['Lurnson, Mon']"
"Lustyk, Danka",,,,,,,,printmaker,printmaker,Danka Lustyk,"['Lustyk, Danka']"
"Lyons, T. Harrington",,,,,,,,ceramic artist,ceramic artist,T. Harrington Lyons,"['Lyons, T. Harrington']"
Mackert,,,,,,,,printmaker,printmaker,Mackert,['Mackert']
"Malik, H.J.",,,,,,,,printmaker,printmaker,H.J. Malik,"['Malik, H.J.']"
"Marsh, Cynthia",,,,,,,,printmaker,printmaker,Cynthia Marsh,"['Marsh, Cynthia']"
"Matsutaka, Saishuntei",,,,,,,,book artist,book artist,Saishuntei Matsutaka,"['Matsutaka, Saishuntei']"
"McBurnie, Ronald",,,,,,,,printmaker,printmaker,Ronald McBurnie,"['McBurnie, Ronald']"
"McDevitt, Mark",,,,,,,,artist,artist,Mark McDevitt,"['McDevitt, Mark']"
"McKay, Donald",,,,,,,,drawer,drawer,Donald McKay,"['McKay, Donald']"
Meitō,,,,,,,,painter,painter,Meitō,['Meitō']
"Michaels, Edward",,,,,,,,sculptor,sculptor,Edward Michaels,"['Michaels, Edward']"
"Miguel, Adro",,,,,,,,painter,painter,Adro Miguel,"['Miguel, Adro']"
"Miller, Mark",,,,,,,,painter,painter,Mark Miller,"['Miller, Mark']"
"Morishima, Chura Nakayoshi",,,,,,,,book artist,book artist,Chura Nakayoshi Morishima,"['Morishima, Chura Nakayoshi']"
"Mozzolini, S.",,,,,,,,painter,painter,S. Mozzolini,"['Mozzolini, S.']"
"Mulder, John",,,,,,,,printmaker,printmaker,John Mulder,"['Mulder, John']"
"Nabb, Paul",,,,,,,,painter,painter,Paul Nabb,"['Nabb, Paul']"
Nishikawa,,,,,,,,book artist,book artist,Nishikawa,['Nishikawa']
"Nishikawa, Harunobu",,,,,,,,book artist,book artist,Harunobu Nishikawa,"['Nishikawa, Harunobu']"
"Nolla, Joaquim",,,,,,,,printmaker,printmaker,Joaquim Nolla,"['Nolla, Joaquim and Mir, Josep M.']"
"Oson, Toshi",,,,,,,,painter,painter,Toshi Oson,"['Oson, Toshi']"
Otte,,,,,,,,printmaker,printmaker,Otte,['Otte']
Ou Shiang,,,,,,,,painter,painter,Ou Shiang,['Ou Shiang']
"Pallot, S.",,,,,,,,printmaker,printmaker,S. Pallot,"['Pallot, S.']"
"Paris, Dorothy",,,,,,,,painter,painter,Dorothy Paris,"['Paris, Dorothy']"
"Parkhurst, Anita",,,,,,,,printmaker,printmaker,Anita Parkhurst,"['Parkhurst, Anita']"
"Parrish, Janice",,,,,,,,painter,painter,Janice Parrish,"['Parrish, Janice']"
"Parrish, Rachel",,,,,,,,printmaker,printmaker,Rachel Parrish,"['Parrish, Rachel']"
"Pasek, Margaret",,,,,,,,printmaker,printmaker,Margaret Pasek,"['Pasek, Margaret']"
"Peiser, Jane",,,,,,,,ceramic artist,ceramic artist,Jane Peiser,"['Peiser, Jane']"
"Phillips, W.T.",,,,,,,,printmaker,printmaker,W.T. Phillips,"['Phillips, W.T.']"
"Picaut, Bernard",,,,,,,,printmaker,printmaker,Bernard Picaut,"['Picaut, Bernard']"
"Pildas, M.",,,,,,,,printmaker,printmaker,M. Pildas,"['Pildas, M. ']"
"Pollack, S.",,,,,,,,printmaker,printmaker,S. Pollack,"['Pollack, S.']"
"Popovic, Dimitrije",,,,,,,,printmaker,printmaker,Dimitrije Popovic,"['Popovic, Dimitrije']"
"Prahaska, Ray",,,,,,,,printmaker,printmaker,Ray Prahaska,"['Prahaska, Ray']"
"Prats, Llorenç",,,,,,,,book artist,book artist,Llorenç Prats,"['Prats, Llorenç']"
"Prou, Jacques",,,,,,,,printmaker,printmaker,Jacques Prou,"['Prou, Jacques']"
"Putnam, H.",,,,,,,,printmaker,printmaker,H. Putnam,"['Putnam, H.']"
Qin Yi,,,,,,,,painter,painter,Qin Yi,['Qin Yi']
"Querida, Zita",,,,,,,,painter,painter,Zita Querida,"['Querida, Zita']"
"Quest, Dan",,,,,,,,printmaker,printmaker,Dan Quest,"['Quest, Dan']"
Ravagnant,,,,,,,,painter,painter,Ravagnant,['Ravagnant']
Ren Pei,,,,,,,,painter,painter,Ren Pei,['Ren Pei']
"Richardson, Deborah",,,,,,,,photographer,photographer,Deborah Richardson,"['Richardson, Deborah']"
"Richardson, Russell",,,,,,,,artist,artist,Russell Richardson,"['Richardson, Russell']"
"Richman, Pablo",,,,,,,,painter,painter,Pablo Richman,"['Richman, Pablo']"
Ripolles,,,,,,,,painter,painter,Ripolles,['Ripolles']
"Risseeuw, Katie",,,,,,,,printmaker,printmaker,Katie Risseeuw,"['Risseeuw, Katie']"
"Ritteng, George",,,,,,,,printmaker,printmaker,George Ritteng,"['Ritteng, George']"
"Roberti, H.",,,,,,,,printmaker,printmaker,H. Roberti,"['Roberti, H.']"
"Roberts, William Vernon",,,,,,,,sculptor,sculptor,William Vernon Roberts,"['Roberts, William Vernon']"
"Robertson, Jack",,,,,,,,photographer,photographer,Jack Robertson,"['Robertson, Jack']"
"Robison, Sheryl",,,,,,,,photographer,photographer,Sheryl Robison,"['Robison, Sheryl']"
Roko,,,,,,,,painter,painter,Roko,['Roko']
Rosendahl,,,,,,,,painter,painter,Rosendahl,['Rosendahl']
"Rosenthal, Louise",,,,,,,,painter,painter,Louise Rosenthal,"['Rosenthal, Louise']"
"Rothy, Carl",,,,,,,,printmaker,printmaker,Carl Rothy,"['Rothy, Carl']"
Ryosen,,,,,,,,painter,painter,Ryosen,['Ryosen']
Sanji,,,,,,,,drawer,drawer,Sanji,['Sanji']
"Sato, T.",,,,,,,,printmaker,printmaker,T. Sato,"['Sato, T.']"
"Saunders, Dutch",,,,,,,,printmaker,printmaker,Dutch Saunders,"['Saunders, Dutch']"
"Schaever, C. W.",,,,,,,,painter,painter,C. W. Schaever,"['Schaever, C. W.']"
"Schwerin von Krosigk, Wifred Graf",,,,,,,,printmaker,printmaker,Wifred Graf Schwerin von Krosigk,"['Schwerin von Krosigk, Wifred Graf']"
Seizan,,,,,,,,painter,painter,Seizan,['Seizan']
Sesshu,,,,,,,,printmaker,printmaker,Sesshu,['Sesshu']
"Seweil, Amos",,,,,,,,printmaker,printmaker,Amos Seweil,"['Seweil, Amos']"
"Shaw, J.",,,,,,,,printmaker,printmaker,J. Shaw,"['Shaw, J. and Hughes, S.G.']"
"Shuki, Ichiin",,,,,,,,painter,painter,Ichiin Shuki,"['Shuki, Ichiin']"
"Shwab, Paul",,,,,,,,painter,painter,Paul Shwab,"['Shwab, Paul']"
"Singer, Charles",,,,,,,,painter,painter,Charles Singer,"['Singer, Charles']"
"Slowicki, M.",,,,,,,,printmaker,printmaker,M. Slowicki,"['Slowicki, M.']"
"Soyen, Kabocha",,,,,,,,book artist,book artist,Kabocha Soyen,"['Soyen, Kabocha']"
"Speakman, Harold",,,,,,,,printmaker,printmaker,Harold Speakman,"['Speakman, Harold']"
"Spinola, Lily",,,,,,,,painter,painter,Lily Spinola,"['Spinola, Lily']"
"Stackelhaus, Heiner",,,,,,,,book artist,book artist,Heiner Stackelhaus,"['Stackelhaus, Heiner']"
"Stang, George",,,,,,,,ceramic artist,ceramic artist,George Stang,"['Stang, George']"
Suishu,,,,,,,,painter,painter,Suishu,['Suishu']
Suison,,,,,,,,painter,painter,Suison,['Suison']
"Suzuki, Rinsho",,,,,,,,painter,painter,Rinsho Suzuki,"['Suzuki, Rinsho ']"
"Tabata, Kiyoe",,,,,,,,printmaker,printmaker,Kiyoe Tabata,"['Tabata, Kiyoe']"
"Taguchi, Hidekichi",,,,,,,,drawer,drawer,Hidekichi Taguchi,"['Taguchi, Hidekichi']"
"Thompson, Kenneth K.",,,,,,,,painter,painter,Kenneth K. Thompson,"['Thompson, Kenneth K.']"
"Thompson, Ron",,,,,,,,painter,painter,Ron Thompson,"['Thompson, Ron']"
"Toshiaki, Yu-u sai",,,,,,,,printmaker,printmaker,Yu-u sai Toshiaki,"['Toshiaki, Yu-u sai']"
"Treballs Gràfics, Barcelona",,,,,,,,printmaker,printmaker,Barcelona Treballs Gràfics,"['Treballs Gràfics, Barcelona']"
Tung Tsou-ping,,,,,,,,painter,painter,Tung Tsou-ping,['Tung Tsou-ping']
"Turmohlen, Karl",,,,,,,,painter,painter,Karl Turmohlen,"['Turmohlen, Karl']"
Turnbull,,,,,,,,sculptor,sculptor,Turnbull,['Turnbull']
"Turner, Arthur",,,,,,,,painter,painter,Arthur Turner,"['Turner, Arthur']"
"Ulman, Elenor",,,,,,,,painter,painter,Elenor Ulman,"['Ulman, Elenor']"
"Vanderbilt, Jacob",,,,,,,,painter,painter,Jacob Vanderbilt,"['Vanderbilt, Jacob']"
"Varin, R.",,,,,,,,printmaker,printmaker,R. Varin,"['Varin, R.']"
"Volkman, C.",,,,,,,,painter,painter,C. Volkman,"['Volkman, C.']"
"Wachsmity, F.S.",,,,,,,,printmaker,printmaker,F.S. Wachsmity,"['Wachsmity, F.S.']"
"Walter, L.",,,,,,,,painter,painter,L. Walter,"['Walter, L.']"
Wang Han,,,,,,,,painter,painter,Wang Han,['Wang Han']
"Wang, Han",,,,,,,,painter,painter,Han Wang,"['Wang, Han']"
"White, Joy Rice",,,,,,,,drawer,drawer,Joy Rice White,"['White, Joy Rice']"
"Whitney, William",,,,,,,,painter,painter,William Whitney,"['Whitney, William']"
"Winkles, K.",,,,,,,,printmaker,printmaker,K. Winkles,"['Winkles, K.']"
Wu Yang-t'ien,,,,,,,,painter,painter,Wu Yang-t'ien,"[""Wu Yang-t'ien""]"
"Yasu, Koitsu",,,,,,,,painter,painter,Koitsu Yasu,"['Yasu, Koitsu']"
Yoji,,,,,,,,artist,artist,Yoji,['Yoji']
Yosho,,,,,,,,painter,painter,Yosho,['Yosho']
"Zartarian, Miriam",,,,,,,,printmaker,printmaker,Miriam Zartarian,"['Zartarian, Miriam']"
"Zhou, Runan",,,,,,,,painter,painter,Runan Zhou,"['Zhou, Runan']"
"Zimmermann, Karen",,,,,,,,printmaker,printmaker,Karen Zimmermann,"['Zimmermann, Karen']"
