qid,last_first,description,name,creator_string
,"Abad, Antoni","1956-, born Barcelona, Spain",Antoni Abad,"[""Abad, Antonio (1956-, born Barcelona, Spain)""]"
,"Acisclo, Manzano",1940-,Manzano Acisclo,"[""Acisclo, Manzano (1940-)""]"
,"Adam, G.",,G. Adam,"[""Adam, G.""]"
,Adary,,Adary,"[""Adary""]"
,Ahmad ibn al-Fadil ibn Ahmad al-Sharif al-'Ayyashi,al-Husayni,Ahmad ibn al-Fadil ibn Ahmad al-Sharif al-'Ayyashi,"[""Ahmad ibn al-Fadil ibn Ahmad al-Sharif al-'Ayyashi (al-Husayni)""]"
,"Albán, Hernan Zúñiga","1948-, born Ambato, Ecuador",Hernan Zúñiga Albán,"[""Albán, Hernan Zúñiga (1948-, born Ambato, Ecuador)""]"
,Alfred Orr,"American painter, graphic designer, and illustrator, born 1886",Alfred Orr,"[""Alfred Orr (American painter, graphic designer, and illustrator, born 1886)""]"
,"Alvarez, Manuel Boix",1942-,Manuel Boix Alvarez,"[""Alvarez, Manuel Boix (1942-)""]"
,"Andriani, Andrea","Italian, 1584-1610",Andrea Andriani,"[""Andriani, Andrea (Italian, 1584-1610)""]"
,"Andrus, F.",,F. Andrus,"[""Andrus, F.""]"
,"Anthony, Lawrence",1934-,Lawrence Anthony,"[""Anthony, Lawrence (1934-)""]"
,"Aramesco, Gigi","born Galatz, Romania",Gigi Aramesco,"[""Aramesco, Gigi (born Galatz, Romania)""]"
,"Axelrod, H.",,H. Axelrod,"[""Axelrod, H.""]"
,"Bach, R.",,R. Bach,"[""Bach, R.""]"
,Baisetsudo,1751-1764,Baisetsudo,"[""Baisetsudo (1751-1764)""]"
,"Barrós, Alfred",,Alfred Barrós,"[""Barrós, Alfred""]"
,"Bauer, Ann",,Ann Bauer,"[""Bauer, Ann""]"
,Baviera,,Baviera,"[""Baviera ""]"
,"Beeldemaker, Johannes","Dutch painter, born 1630 or 1636, died after 1710",Johannes Beeldemaker,"[""Beeldemaker, Johannes (Dutch painter, born 1630 or 1636, died after 1710)""]"
,"Berger, Emily",,Emily Berger,"[""Berger, Emily""]"
,"Berger, Paul Eric","American photographer and printmaker, born 1948",Paul Eric Berger,"[""Berger, Paul Eric (American photographer and printmaker, born 1948)""]"
,"Bernards, B.",,B. Bernards,"[""Bernards, B.""]"
,"Bill, Virginia F.",,Virginia F. Bill,"[""Bill, Virginia F.""]"
,"Birchall, L. M.",,L. M. Birchall,"[""Birchall, L. M.""]"
,"Blakeley, Fannie B.",,Fannie B. Blakeley,"[""Blakeley, Fannie B.""]"
,"Blakstad, Rolph","1929-, born Vancouver, Canada",Rolph Blakstad,"[""Blakstad, Rolph (1929-, born Vancouver, Canada)""]"
,"Blocker, Mare",,Mare Blocker,"[""Blocker, Mare""]"
,"Blum, Dorothea",,Dorothea Blum,"[""Blum, Dorothea""]"
,"Boichard, S.",,S. Boichard,"[""Boichard, S.""]"
,"Bolotin, Jay","1949-, born Fayette County, KY",Jay Bolotin,"[""Bolotin, Jay (1949-, born Fayette County, KY)""]"
,"Bonfils, Susan",,Susan Bonfils,"[""Bonfils, Susan""]"
,"Bong, Woo",ca. 1948,Woo Bong,"[""Bong, Woo (ca. 1948)""]"
,"Bonifacio, Alfonso Gomez",1933-2011,Alfonso Gomez Bonifacio,"[""Bonifacio, Alfonso Gomez (1933-2011)""]"
,"Bossi, Benignio",,Benignio Bossi,"[""Bossi, Benignio and Mazzuoli, Francesco""]"
,"Bourne, Jean-Baptiste-Clement",1844-1866,Jean-Baptiste-Clement Bourne,"[""Bourne, Jean-Baptiste-Clement (1844-1866)""]"
,Bouslough,,Bouslough,"[""Bouslough""]"
,"Boyse, William H.",,William H. Boyse,"[""Boyse, William H.""]"
,"Boysen, William H.",,William H. Boysen,"[""Boysen, William H.""]"
,"Branolt, Gernot",,Gernot Branolt,"[""Branolt, Gernot""]"
,"Branson, Bernice M.",1882-1936,Bernice M. Branson,"[""Branson, Bernice M. (1882-1936)""]"
,"Brees, S. C.",1832-1837,S. C. Brees,"[""Brees, S. C. and Harden, S. Melville (1832-1837, 1837-1879 )""]"
,"Bregeon, Angélique",1743-1782,Angélique Bregeon,"[""Bregeon, Angélique (1743-1782)""]"
,"Brown, Clinton",,Clinton Brown,"[""Brown, Clinton ""]"
,"Bryant, Edan M.","1978-, born Nashville, TN",Edan M. Bryant,"[""Bryant, Edan M. (1978-, born Nashville, TN)"", ""Bryant, Edan M. 1978, born Nashville, TN)"",""Bryant, Edan M., (1978-, born Nashville, TN)"",""Bryant, Edan M., for Hatch Show Print (1978-, born Nashville, TN)""]"
,"Bryant, Olen","1927-2017, born Cookeville, TN",Olen Bryant,"[""Bryant, Olen (1927-2017, born Cookeville, TN)""]"
,Bryce McCloud,"1975, born Nashville, TN",Bryce McCloud,"[""Bryce McCloud (1975, born Nashville, TN)""]"
,"Burg, Patricia Jean","Canadian artist, born 1934",Patricia Jean Burg,"[""Burg, Patricia Jean (Canadian artist, born 1934)""]"
,"Burke, G.",,G. Burke,"[""Burke, G.""]"
,"Bush, Claire","1933-, born Pocono Lake, PA",Claire Bush,"[""Bush, Claire (1933-, born Pocono Lake, PA)""]"
,"Butcher, Nick","1980-, born Dyersburg, TN",Nick Butcher,"[""Butcher, Nick (1980-, born Dyersburg, TN)""]"
,"Buxkamper, Barry",1946-,Barry Buxkamper,"[""Buxkamper, Barry (1946-)""]"
,"Cabanes, Pierre Franz",,Pierre Franz Cabanes,"[""Cabanes, Pierre Franz""]"
,"Cameron, Don",1936-,Don Cameron,"[""Cameron, Don (1936-)""]"
,"Cantrell, Leon",,Leon Cantrell,"[""Cantrell, Leon""]"
,"Carey, Henry",,Henry Carey,"[""Carey, Henry""]"
,Carle,,Carle,"[""Carle""]"
,"Carone, Matthew","1930-, born New Jersey",Matthew Carone,"[""Carone, Matthew (1930-, born New Jersey)"",""Carone, Matthew""]"
,"Carsen, Emil Soren",1848-1932,Emil Soren Carsen,"[""Carsen, Emil Soren (1848-1932)""]"
,Casey D.Gill,"1981, born Monterey, CA",Casey D.Gill,"[""Casey D.Gill (1981, born Monterey, CA)""]"
,Ch'en Ku,", born P'eng-Ch'eng, China",Ch'en Ku,"[""Ch'en Ku (, born P'eng-Ch'eng, China)""]"
,"Chamberlain, Mitchell",,Mitchell Chamberlain,"[""Chamberlain, Mitchell""]"
,Chang Tse-tuan,,Chang Tse-tuan,"[""Chang Tse-tuan""]"
,Chao Fen,,Chao Fen,"[""Chao Fen""]"
,Chen Yuzhang,,Chen Yuzhang,"[""Chen Yuzhang""]"
,Chikuyodo,1860-1890,Chikuyodo,"[""Chikuyodo (1860-1890)""]"
,"Chiplis, Martha","1964-, born Indianapolis, IN",Martha Chiplis,"[""Chiplis, Martha (1964-, born Indianapolis, IN)""]"
,"Chokosai, Eisho","Japanese printmaker, active 1793-1799",Eisho Chokosai,"[""Chokosai, Eisho (Japanese printmaker, active 1793-1799)""]"
,"Chwedczuk, M",,M Chwedczuk,"[""Chwedczuk, M""]"
,"Clairey, Irene",,Irene Clairey,"[""Clairey, Irene""]"
,"Clark, J.",,J. Clark,"[""Clark, J.""]"
,"Clayton, Charles",,Charles Clayton,"[""Clayton, Charles""]"
,"Cohen, George Etta Brinkley",,George Etta Brinkley Cohen,"[""Cohen, George Etta Brinkley""]"
,"Cohen, Jean","1927-2013, born Brooklyn, NY, died Long Island, NY",Jean Cohen,"[""Cohen, Jean (1927-2013, born Brooklyn, NY, died Long Island, NY)"",""Cohen, Jean (1927-2013, born New York, NY, died Long Island, NY)""]"
,"Cohick, Aaron",,Aaron Cohick,"[""Cohick, Aaron""]"
,"Cole, Willie","American artist, born 1955",Willie Cole,"[""Cole, Willie (American artist, born 1955)""]"
,"Collado, Lisa",,Lisa Collado,"[""Collado, Lisa""]"
,"Connor, Colin",,Colin Connor,"[""Connor, Colin""]"
,"Conse, C.",,C. Conse,"[""Conse, C.""]"
,"Conti, A.",,A. Conti,"[""Conti, A.""]"
,Cordnin,,Cordnin,"[""Cordnin""]"
,"Couche, Jacques","b. 1759, born Abbeville",Jacques Couche,"[""Couche, Jacques (b. 1759, born Abbeville)""]"
,"Craig, R.H.",,R.H. Craig,"[""Craig, R.H.""]"
,"Creightney, Karsten","1976-, born Albuquerque, New Mexico",Karsten Creightney,"[""Creightney, Karsten  (1976-, born Albuquerque, New Mexico)""]"
,"Cucaro, Pat",,Pat Cucaro,"[""Cucaro, Pat""]"
,"D'Amato, Paul","American photographer, 1956 CE-",Paul D'Amato,"[""D'Amato, Paul (American photographer, 1956 CE-)""]"
,"d'Harcourt, Childe de Rohan",,Childe de Rohan d'Harcourt,"[""d'Harcourt, Childe de Rohan""]"
,"Daly, Mat",1974-,Mat Daly,"[""Daly, Mat (1974-)""]"
,"Darnaud, Maxime","1931-, born Lyon, France",Maxime Darnaud,"[""Darnaud, Maxime (1931-, born Lyon, France)""]"
,"DeArcangelis, Gloria","1957-, born Munich, Germany",Gloria DeArcangelis,"[""DeArcangelis, Gloria (1957-, born Munich, Germany)""]"
,"Dennis, W.",,W. Dennis,"[""Dennis, W.""]"
,Docenud,,Docenud,"[""Docenud""]"
,Donovan,,Donovan,"[""Donovan""]"
,"Dooley, Tim","1967-, born Miami, FL",Tim Dooley,"[""Dooley, Tim and Wilson, Aaron  (1967-, 1972-, born Miami, FL; Xenia, OH)"",""Dooley, Tim and Wilson, Aaron (1967-, 1972-, born Miami, FL; Xenia, OH)""]"
,"Drosd, F.",,F. Drosd,"[""Drosd, F.""]"
,"Dunson, Samuel L. Jr.","1970-, born Dayton, OH","Samuel L. Dunson, Jr.","[""Dunson, Samuel L. Jr. (1970-, born Dayton, OH)""]"
,"Duret, A.",,A. Duret,"[""Duret, A.""]"
,"Dzubas, Wilhelm",1877-1947,Wilhelm Dzubas,"[""Dzubas, Wilhelm (1877-1947)""]"
,"Egan, Matt","1973-, born Newmarket, Ontario, Canada",Matt Egan,"[""Egan, Matt, Muise, Heather (1973-, 1971-, born Newmarket, Ontario, Canada; Windsor, Ontario, Canada)""]"
,"Ellis, Frank E.",,Frank E. Ellis,"[""Ellis, Frank E.""]"
,"Ellsworth, Young","American painter, 1866-1952",Young Ellsworth,"[""Ellsworth, Young (American painter, 1866-1952)""]"
,"Elrod, Joel","1967-, born Omaha, NE",Joel Elrod,"[""Elrod, Joel (1967-, born Omaha, NE)""]"
,Ernst,,Ernst,"[""Ernst""]"
,"Estellido, Comp",,Comp Estellido,"[""Estellido, Comp""]"
,"Fandos, Manuel",,Manuel Fandos,"[""Fandos, Manuel""]"
,"Fatiquant, R.",,R. Fatiquant,"[""Fatiquant, R.""]"
,"Fisher, E.",,E. Fisher,"[""Fisher, E.""]"
,Flasho,,Flasho,"[""Flasho""]"
,"Florez, Garzon",,Garzon Florez,"[""Florez, Garzon""]"
,"Floris, Marcel",1914-2007,Marcel Floris,"[""Floris, Marcel (1914-2007)""]"
,"Foster, Tom",,Tom Foster,"[""Foster, Tom""]"
,Frankenstein,,Frankenstein,"[""Frankenstein""]"
,Franz Hansftangl,1804-1877,Franz Hansftangl,"[""Franz Hansftangl (1804-1877)""]"
,"Frederick, Michael","1966-, born Chabanse, IL",Michael Frederick,"[""Frederick, Michael (1966-, born Chabanse, IL)"",""Frederick, Michael, (1966-, born Chabanse, IL)"",""Frederick, Michael, for Hatch Show Print (1966-, born Chabanse, IL)"",""Frederick, Mike""]"
,"Freeman, Carol Lawton",,Carol Lawton Freeman,"[""Freeman, Carol Lawton""]"
,"Fries, Katherine J.",", born Lincoln, NE",Katherine J. Fries,"[""Fries, Katherine J. (, born Lincoln, NE)""]"
,"Friesicke, Sabine","1960-, born Hamburg, Germany",Sabine Friesicke,"[""Friesicke, Sabine (1960-, born Hamburg, Germany)""]"
,"Garicola, K.",,K. Garicola,"[""Garicola, K.""]"
,"Garman, Michael",1938-,Michael Garman,"[""Garman, Michael (1938-)""]"
,"Garret, Alvin",1946-,Alvin Garret,"[""Garret, Alvin (1946-)""]"
,"Gastlund, Knud",,Knud Gastlund,"[""Gastlund, Knud & Sert, Jose Luis""]"
,"Genter, Karen",,Karen Genter,"[""Genter, Karen""]"
,Georgii-Hemming,,Georgii-Hemming,"[""Georgii-Hemming""]"
,Gerasch,,Gerasch,"[""Gerasch""]"
,"Gibian, Mark",1954-,Mark Gibian,"[""Gibian, Mark (1954-)""]"
,"Gibson, Anita",", born Lima, Peru",Anita Gibson,"[""Gibson, Anita (, born Lima, Peru)"",""Gibson, Anita"",""Gibson, Anita  (born Lima, Peru)""]"
,"Gibson, James",,James Gibson,"[""Gibson, James""]"
,"Gill, Casey","1981-, born Monterey, CA",Casey Gill,"[""Gill, Casey (1981-, born Monterey, CA)"",""Gill, Casey (1981, born Monterey, CA)""]"
,"Gill, Jenny","1979-, born Monterey, CA",Jenny Gill,"[""Gill, Jenny (1979-, born Monterey, CA)"",""Gill, Jenny (1979, born Monterey, CA)""]"
,"Gold, Hel",,Hel Gold,"[""Gold, Hel""]"
,"Gonzáles, Teo","1964-, born Quinto, Spain",Teo Gonzáles,"[""Gonzáles, Teo (1964-, born Quinto, Spain)""]"
,"Goodyear, J.",,J. Goodyear,"[""Goodyear, J.""]"
,"Gosnell, Patrick","1989-, born Atlanta, GA",Patrick Gosnell,"[""Gosnell, Patrick (1989-, born Atlanta, GA)""]"
,Gremillier,,Gremillier,"[""Gremillier""]"
,"Griffith, E.N.",,E.N. Griffith,"[""Griffith, E.N.""]"
,"Grzeca, Dan","1968-, born Chicago, IL",Dan Grzeca,"[""Grzeca, Dan (1968-, born Chicago, IL)""]"
,"Gualdoni, Daniel",1943-,Daniel Gualdoni,"[""Gualdoni, Daniel (1943-)""]"
,"Gutiérrez, Francisco","1915-1945, born Oaxaca, Mexico",Francisco Gutiérrez,"[""Gutiérrez, Francisco (1915-1945, born Oaxaca, Mexico)""]"
,"Gwinn, John",,John Gwinn,"[""Gwinn, John""]"
,"Gyra, Francis Joseph, Jr.",1914-2007,"Francis Joseph Gyra, Jr.","[""Gyra, Francis Joseph, Jr. (1914-2007)""]"
,"Haberman, Gwen",,Gwen Haberman,"[""Haberman, Gwen""]"
,Haendil,,Haendil,"[""Haendil""]"
,"Hallmandel, C.",,C. Hallmandel,"[""Hallmandel, C.""]"
,"Handly, Avery",1913-1958,Avery Handly,"[""Handly, Avery (1913-1958)""]"
,"Handschick, Heinz","German painter, contemporary",Heinz Handschick,"[""Handschick, Heinz (German painter, contemporary)""]"
,"Hansen, Diana R.",1942-,Diana R. Hansen,"[""Hansen, Diana R. (1942-)""]"
,"Harris, Lawrence",1885-1970,Lawrence Harris,"[""Harris, Lawrence  (1885-1970)""]"
,"Hart, W.C.",,W.C. Hart,"[""Hart, W.C. ""]"
,"Hasegawa, Konobu",fl. late 19th c.,Konobu Hasegawa,"[""Hasegawa, Konobu (fl. late 19th c.)""]"
,"Hasegawa, Masanobu",,Masanobu Hasegawa,"[""Hasegawa, Masanobu""]"
,"Hashimoto, Goyo",,Goyo Hashimoto,"[""Hashimoto, Goyo & Kaburagi, Kiyokata""]"
,"Hauser, Robert",1930,Robert Hauser,"[""Hauser, Robert (1930)""]"
,Haverford Painter,"Greek vase painter, active ca. 375-ca. 350 BCE in Apulia",Haverford Painter,"[""Haverford Painter (Greek vase painter, active ca. 375-ca. 350 BCE in Apulia)""]"
,"Hawkins, Christie",,Christie Hawkins,"[""Hawkins, Christie""]"
,"Hayashi, Genzaburo","born Kyoto, Japan",Genzaburo Hayashi,"[""Hayashi, Genzaburo (born Kyoto, Japan)""]"
,"Hebert, Frances Marian","American, 1899-1960",Frances Marian Hebert,"[""Hebert, Frances Marian (American, 1899-1960)""]"
,Heidenreich,,Heidenreich,"[""Heidenreich""]"
,"Heidenreich, D.",,D. Heidenreich,"[""Heidenreich, D.""]"
,"Held, Mara","1954-, born New York, NY",Mara Held,"[""Held, Mara (1954-, born New York, NY)""]"
,"Hendee, A.",,A. Hendee,"[""Hendee, A.""]"
,"Heras, Arturo",or Heras Sanz,Arturo Heras,"[""Heras, Arturo (or Heras Sanz)  (1945-, born Valencia, Spain)""]"
,"Herlocker, Annie","1982-, born Indianapolis, IN",Annie Herlocker,"[""Herlocker, Annie  (1982-, born Indianapolis, IN)""]"
,"Herreyns, Gilbert","1943-, born Uccle, Belgium",Gilbert Herreyns,"[""Herreyns, Gilbert (1943-, born Uccle, Belgium)""]"
,"Hill, Daniel G.","1956-, born New York, NY",Daniel G. Hill,"[""Hill, Daniel G. (1956-, born New York, NY)""]"
,"Hochstetler, T. Max",1964-,T. Max Hochstetler,"[""Hochstetler, T. Max (1964-)"",""Hochstetler, T. Max""]"
,"Hoffmann, E.P.",,E.P. Hoffmann,"[""Hoffmann, E.P.""]"
,"Hōko, Ichimosai",,Ichimosai Hōko,"[""Hōko, Ichimosai"",""Hoko, Ichimosai""]"
,"Hollingsworth, Bob",,Bob Hollingsworth,"[""Hollingsworth, Bob""]"
,"Holly, Gerald","1917-2004, born Lewisburg, TN",Gerald Holly,"[""Holly, Gerald (1917-2004, born Lewisburg, TN)""]"
,"Hond, Hendrik",1588-1658,Hendrik Hond,"[""Hond, Hendrik (1588-1658)""]"
,"Hooper, Tim","ca. 1970, born Nashville, TN",Tim Hooper,"[""Hooper, Tim (ca. 1970, born Nashville, TN)""]"
,"Hoseki, Sanji",,Sanji Hoseki,"[""Hoseki, Sanji""]"
,"Hotta, Renzan",,Renzan Hotta,"[""Hotta, Renzan""]"
,"Howard, John",,John Howard,"[""Howard, John""]"
,"Hsiao, Gilbert","1956-, born Pennsylvania",Gilbert Hsiao,"[""Hsiao, Gilbert (1956-, born Pennsylvania)""]"
,"Hu, Jiang",,Jiang Hu,"[""Hu, Jiang""]"
,"Huggins, Victor","1936-, born Durham, NC",Victor Huggins,"[""Huggins, Victor (1936-, born Durham, NC)"",""Huggins, Victor  (1936-)"",""Huggins, Victor (1936-)""]"
,"Hulsey, Sarah",", born Oklahoma City, OK",Sarah Hulsey,"[""Hulsey, Sarah (, born Oklahoma City, OK)""]"
,"Husein, Faik","1944-2004, born Nasria, Iraq, died New York, NY",Faik Husein,"[""Husein, Faik (1944-2004, born Nasria, Iraq, died New York, NY)"",""Husein, Faik""]"
,"Ichida, Jirobei",,Jirobei Ichida,"[""Ichida, Jirobei""]"
,"Ideal, Phillis","1942-, born Roswell, NM",Phillis Ideal,"[""Ideal, Phillis (1942-, born Roswell, NM)""]"
,Ikkoku-sai,,Ikkoku-sai,"[""Ikkoku-sai""]"
,"Inoue, Kenroku Sensei",,Kenroku Sensei Inoue,"[""Inoue, Kenroku Sensei""]"
,"Itakura, Shukuei",,Shukuei Itakura,"[""Itakura, Shukuei""]"
,"Itiani, A.",,A. Itiani,"[""Itiani, A.""]"
,"Jackson, Julian","1953-, born Richmond, VA",Julian Jackson,"[""Jackson, Julian (1953-, born Richmond, VA)""]"
,"Janezic, Alexandra","1988-, born Orange, TX",Alexandra Janezic,"[""Janezic, Alexandra and Runkle, Matt (1988-, 1977-, born Orange, TX; Spokane, WA)""]"
,"Janus, Jan",,Jan Janus,"[""Janus, Jan""]"
,Jeremy D. Maynard,"1977-, born Nashville, TN",Jeremy D. Maynard,"[""Jeremy D. Maynard (1977-, born Nashville, TN)""]"
,Jiang Hu,,Jiang Hu,"[""Jiang Hu""]"
,Jichosai,Nichosai,Jichosai,"[""Jichosai (Nichosai) (1781-1788)""]"
,"Jimenez, Luis",,Luis Jimenez,"[""Jimenez, Luis""]"
,"Jimerfield, Dan","1974-, born Cumberland, MO",Dan Jimerfield,"[""Jimerfield, Dan (1974-, born Cumberland, MO)"",""Jimerfield, Dan, for Hatch Show Print (1974-, born Cumberland, MO)""]"
,"Johnston, Yves",1920-,Yves Johnston,"[""Johnston, Yves (1920-)""]"
,"Jones, Bronlyn","1954-, born Williamsburg, IA",Bronlyn Jones,"[""Jones, Bronlyn (1954-, born Williamsburg, IA)""]"
,"Josephson, Laura",,Laura Josephson,"[""Josephson, Laura""]"
,"Judson, Jeanette Alexander",1912-2002,Jeanette Alexander Judson,"[""Judson, Jeanette Alexander (1912-2002)""]"
,"Juszczk, James Joseph","1943-, born Chicago, IL",James Joseph Juszczk,"[""Juszczk, James Joseph (1943-, born Chicago, IL)"",""Juszczyk, James Joseph (American painter, born 1943)""]"
,"Kadi, Ramon Marcus","1967, born Surabaya, Indonesia",Ramon Marcus Kadi,"[""Kadi, Ramon Marcus (1967, born Surabaya, Indonesia)""]"
,Kado,,Kado,"[""Kado""]"
,"Kalmbach, Ann","1950-, born Rochester, NY",Ann Kalmbach,"[""Kalmbach, Ann and Kellner, Tatana (1950-, 1950-, born Rochester, NY; Prague, Czech Republic)""]"
,"Kanner, Chaim","1943-2000, born Nice, France",Chaim Kanner,"[""Kanner, Chaim (1943-2000, born Nice, France)""]"
,Kanō Yashunobu,"Japanese painter, 1613-1685",Kanō Yashunobu,"[""Kanō Yashunobu (Japanese painter, 1613-1685)""]"
,"Karail, Ilonka",,Ilonka Karail,"[""Karail, Ilonka""]"
,"Karlik, Steve","1960-, born Portland, OR",Steve Karlik,"[""Karlik, Steve (1960-, born Portland, OR)""]"
,"Katsuda, Yukio",1941-,Yukio Katsuda,"[""Katsuda, Yukio (1941-)""]"
,"Katsugawa, Hirosuke",,Hirosuke Katsugawa,"[""Katsugawa, Hirosuke and Haruaki Fiji""]"
,"Katsushika, Isai",,Isai Katsushika,"[""Katsushika, Isai""]"
,Keisui,,Keisui,"[""Keisui ""]"
,"Key-Oberg, Rolf","American ceramicist, 1900-1959",Rolf Key-Oberg,"[""Key-Oberg, Rolf (American ceramicist, 1900-1959)""]"
,"Kikuchi, Tsunejiro",Kilauchi Hobun,Tsunejiro Kikuchi,"[""Kikuchi, Tsunejiro (Kilauchi Hobun) (1862-1918)""]"
,"Killaars, Fransje","Dutch artist, born 1959",Fransje Killaars,"[""Killaars, Fransje (Dutch artist, born 1959)""]"
,Kim Sal Rui,,Kim Sal Rui,"[""Kim Sal Rui""]"
,"Kings, John",,John Kings,"[""Kings, John""]"
,"Kinsai, Dojin",,Dojin Kinsai,"[""Kinsai, Dojin""]"
,Kitabat,,Kitabat,"[""Kitabat""]"
,"Kniseley, Judy","-1964, ca.",Judy Kniseley,"[""Kniseley, Judy (-1964, ca.)""]"
,Koshin,,Koshin,"[""Koshin""]"
,"Krauze, A",,A Krauze,"[""Krauze, A""]"
,Kunisada,"Japanese woodcutter and graphic artist, 1848-1920",Kunisada,"[""Kunisada (Japanese woodcutter and graphic artist, 1848-1920)""]"
,"Kutner, Christophe",,Christophe Kutner,"[""Kutner, Christophe""]"
,Kwannon,,Kwannon,"[""Kwannon""]"
,Kwasniewska,,Kwasniewska,"[""Kwasniewska""]"
,"La Rouke, Hector",,Hector La Rouke,"[""La Rouke, Hector""]"
,"Lacey, Ninon","1923-, born New Hampshire",Ninon Lacey,"[""Lacey, Ninon (1923-, born New Hampshire)""]"
,"Lafitte, Andrew",,Andrew Lafitte,"[""Lafitte, Andrew""]"
,"Lancaster, Paul",,Paul Lancaster,"[""Lancaster, Paul""]"
,"Landry, G.",,G. Landry,"[""Landry, G.""]"
,"Langworthy, Sara",,Sara Langworthy,"[""Langworthy, Sara""]"
,"Larmessin, Nicolas, III","French engraver, ca.1640-1725",Nicolas Larmessin III,"[""Larmessin, Nicolas, III (French engraver, ca.1640-1725)""]"
,"Laurencian, Marie",1885-1956,Marie Laurencian,"[""Laurencian, Marie (1885-1956)""]"
,"Lavender, Randall",b. 1956,Randall Lavender,"[""Lavender, Randall (b. 1956)""]"
,"Leach, John",,John Leach,"[""Leach, John""]"
,"Legge, Willow",1934-,Willow Legge,"[""Legge, Willow (1934-)""]"
,Lemercier,,Lemercier,"[""Lemercier""]"
,Lemoir,,Lemoir,"[""Lemoir""]"
,"Lenerts, Cis",1940,Cis Lenerts,"[""Lenerts, Cis (1940)""]"
,"Lent, Lillian",,Lillian Lent,"[""Lent, Lillian""]"
,"Lentrein, Charlotte",,Charlotte Lentrein,"[""Lentrein, Charlotte""]"
,"LeQuire, Louise",,Louise LeQuire,"[""LeQuire, Louise"",""Lequire, Louise""]"
,"Levy, Tibbie",1908-,Tibbie Levy,"[""Levy, Tibbie (1908-)""]"
,Lihacault,,Lihacault,"[""Lihacault""]"
,"Loberg, Robert W.","1927-1999, born Chicago, IL",Robert W. Loberg,"[""Loberg, Robert W. (1927-1999, born Chicago, IL)""]"
,"Loy, William",1930-,William Loy,"[""Loy, William (1930-)""]"
,"Lukas, Dennis","1947-, born Hamilton, Ontario",Dennis Lukas,"[""Lukas, Dennis (1947-, born Hamilton, Ontario)""]"
,"Lurnson, Mon",,Mon Lurnson,"[""Lurnson, Mon""]"
,"Lustyk, Danka",,Danka Lustyk,"[""Lustyk, Danka""]"
,"Lyles, Karen Leonard",1955-,Karen Leonard Lyles,"[""Lyles, Karen Leonard (1955-)""]"
,"Lyons, T. Harrington",,T. Harrington Lyons,"[""Lyons, T. Harrington""]"
,"Mabuchi, Toru","1920-1994, born Tokyo, Japan",Toru Mabuchi,"[""Mabuchi, Toru (1920-1994, born Tokyo, Japan)""]"
,"MacKenzie, David","British architect, 20th century",David MacKenzie,"[""MacKenzie, David (British architect, 20th century)""]"
,Mackert,,Mackert,"[""Mackert""]"
,"MacLean, William",1897-1977,William MacLean,"[""MacLean, William (1897-1977)""]"
,"Magnan, Oscar","1937-, born Cienfuegos, Cuba",Oscar Magnan,"[""Magnan, Oscar (1937-, born Cienfuegos, Cuba)""]"
,"Maine, Stephen","1958-, born Hartford, CT",Stephen Maine,"[""Maine, Stephen (1958-, born Hartford, CT)""]"
,"Malik, H.J.",,H.J. Malik,"[""Malik, H.J.""]"
,"Marcus, Caleb Cain","1978-, born U.S.A.",Caleb Cain Marcus,"[""Marcus, Caleb Cain (1978-, born U.S.A.)""]"
,"Marsh, Cynthia",,Cynthia Marsh,"[""Marsh, Cynthia""]"
,"Masuda, Gyokujo",1881-1955,Gyokujo Masuda,"[""Masuda, Gyokujo (1881-1955)""]"
,"Matsutaka, Saishuntei",,Saishuntei Matsutaka,"[""Matsutaka, Saishuntei""]"
,Matsuyama,or Shozan,Matsuyama,"[""Matsuyama (or Shozan)""]"
,Matthew Oesterreich,designer,Matthew Oesterreich,"[""Matthew Oesterreich (designer) and Lorenzo Zucchi (engraver)""]"
,"Matz, Jeff","1963-, born Orlando, FL",Jeff Matz,"[""Matz, Jeff (1963-, born Orlando, FL)""]"
,"Mauke, Rudolf","German artist, born 1924",Rudolf Mauke,"[""Mauke, Rudolf (German artist, born 1924)""]"
,"Maynard, Jeremy D.","1977-, born Nashville, TN",Jeremy D. Maynard,"[""Maynard, Jeremy D. (1977-, born Nashville, TN)"",""Maynard, Jeremy D., (1977-, born Nashville, TN)"",""Maynard, Jeremy D., for Hatch Show Print (1977-, born Nashville, TN)""]"
,"McAleer-Keeler, Kerry","1971-, born Providence, RI",Kerry McAleer-Keeler,"[""McAleer-Keeler, Kerry (1971-, born Providence, RI)""]"
,"McBurnie, Ronald",,Ronald McBurnie,"[""McBurnie, Ronald""]"
,"McCloud, Bryce","1975, born Nashville, TN",Bryce McCloud,"[""McCloud, Bryce (1975, born Nashville, TN)"",""McCloud, Bryce (1975-, born Nashville, TN)"",""McCloud, Bryce (Nashville, TN, born 1975-)"",""McCloud, Bryce, (1975-, born Nashville, TN)"",""McCloud, Bryce, for Hatch Show Print (1975-, born Nashville, TN)""]"
,"McCoy, Sarah","1976-, born Madison, WI",Sarah McCoy,"[""McCoy, Sarah  (1976-, born Madison, WI)""]"
,"McDevitt, Mark",,Mark McDevitt,"[""McDevitt, Mark""]"
,"McIntyre, Mike","1978-, born St. Louis, MO",Mike McIntyre,"[""McIntyre, Mike (1978-, born St. Louis, MO)""]"
,"McKay, Donald",,Donald McKay,"[""McKay, Donald""]"
,"McPharlin, Vincent","1910-1985, born Hastings, MI",Vincent McPharlin,"[""McPharlin, Vincent (1910-1985, born Hastings, MI)""]"
,Meitō,,Meitō,"[""Meitō""]"
,"Melbourne, Montgomery",1893-1970,Montgomery Melbourne,"[""Melbourne, Montgomery (1893-1970)""]"
,"Merrick, James Kirk",1905-1985,James Kirk Merrick,"[""Merrick, James Kirk  (1905-1985)""]"
,"Michael, Creighton","American sculptor, born 1949",Creighton Michael,"[""Michael, Creighton (American sculptor, born 1949)""]"
,"Michaels, Edward",,Edward Michaels,"[""Michaels, Edward""]"
,"Miguel, Adro",,Adro Miguel,"[""Miguel, Adro""]"
,"Millard, Travis","1975-, born St. Joseph, MO",Travis Millard,"[""Millard, Travis (1975-, born St. Joseph, MO)"",""Millard, Travis""]"
,"Miller, Mark",,Mark Miller,"[""Miller, Mark""]"
,"Mims, Thomas Puryear","American sculptor, 1906-1975",Thomas Puryear Mims,"[""Mims, Thomas Puryear (American sculptor, 1906-1975)""]"
,"Mira, Eduardo",1945-,Eduardo Mira,"[""Mira, Eduardo (1945-)""]"
,"Mitsunobu, Hasegawa",Eishun,Hasegawa Mitsunobu,"[""Mitsunobu, Hasegawa (Eishun) (1790-1848)""]"
,"Mittelman, Ann",1898-1996,Ann Mittelman,"[""Mittelman, Ann (1898-1996)""]"
,"Moore, Beveridge","1915-2004, born Richmond, VA",Beveridge Moore,"[""Moore, Beveridge (1915-2004, born Richmond, VA)""]"
,"Morishima, Chura Nakayoshi",,Chura Nakayoshi Morishima,"[""Morishima, Chura Nakayoshi""]"
,"Mozzolini, S.",,S. Mozzolini,"[""Mozzolini, S.""]"
,"Mueller, Richard",1874-1954,Richard Mueller,"[""Mueller, Richard (1874-1954)""]"
,"Mulder, John",,John Mulder,"[""Mulder, John""]"
,"Nabb, Paul",,Paul Nabb,"[""Nabb, Paul""]"
,"Namgay, Phurba","1964-, born Chendipji, Tongsa, Bhutan",Phurba Namgay,"[""Namgay, Phurba (1964-, born Chendipji, Tongsa, Bhutan)""]"
,"Nesbitt, Dawson",1948-,Dawson Nesbitt,"[""Nesbitt, Dawson (1948-)""]"
,Nishikawa,,Nishikawa,"[""Nishikawa""]"
,"Nishikawa, Harunobu",,Harunobu Nishikawa,"[""Nishikawa, Harunobu""]"
,"Nolla, Joaquim",,Joaquim Nolla,"[""Nolla, Joaquim and Mir, Josep M.""]"
,"Nussbaum, Jacob",1873-1934,Jacob Nussbaum,"[""Nussbaum, Jacob (1873-1934)""]"
,"O'Connell, Kathleen","1980-, born Plattsburgh, NY",Kathleen O'Connell,"[""O'Connell, Kathleen (1980-, born Plattsburgh, NY)""]"
,"Orr, Arthur Anselm","English glass painter and draftsman, 1868-1949",Arthur Anselm Orr,"[""Orr, Arthur Anselm (English glass painter and draftsman, 1868-1949)"",""Orr, Arthur""]"
,"Oson, Toshi",,Toshi Oson,"[""Oson, Toshi""]"
,Otte,,Otte,"[""Otte""]"
,Ou Shiang,,Ou Shiang,"[""Ou Shiang""]"
,"Page, Judith","1946-, born Lexington, KY",Judith Page,"[""Page, Judith (1946-, born Lexington, KY)""]"
,"Pagliari, Giorgio","1933-2015, born Rome, Italy, died Ibiza, Spain",Giorgio Pagliari,"[""Pagliari, Giorgio (1933-2015, born Rome, Italy, died Ibiza, Spain)"",""Pagliari, Giorgio (1933-, born Rome, Italy)""]"
,"Pallot, S.",,S. Pallot,"[""Pallot, S.""]"
,"Paris, Dorothy",,Dorothy Paris,"[""Paris, Dorothy""]"
,"Parkhurst, Anita",,Anita Parkhurst,"[""Parkhurst, Anita""]"
,"Parrish, Janice",,Janice Parrish,"[""Parrish, Janice""]"
,"Parrish, Rachel",,Rachel Parrish,"[""Parrish, Rachel""]"
,"Pasek, Margaret",,Margaret Pasek,"[""Pasek, Margaret""]"
,"Pecsenke, Joseph A.",1942-1989,Joseph A. Pecsenke,"[""Pecsenke, Joseph A. (1942-1989)""]"
,"Peel, Michael","British painter, born 1951",Michael Peel,"[""Peel, Michael (British painter, born 1951)""]"
,"Pei-Zhi, Lei",1909-1985,Lei Pei-Zhi,"[""Pei-Zhi, Lei (1909-1985)""]"
,"Peiser, Jane",,Jane Peiser,"[""Peiser, Jane""]"
,"Penland, Jean Wall",American painter and etcher,Jean Wall Penland,"[""Penland, Jean Wall (American painter and etcher)""]"
,"Perdikitis, Dimitri","1922-, born Athens, Greece",Dimitri Perdikitis,"[""Perdikitis, Dimitri (1922-, born Athens, Greece)""]"
,"Pfnür, Rainer","German artist, born 1939",Rainer Pfnür,"[""Pfnür, Rainer (German artist, born 1939)""]"
,"Phillips, Gray","1923-2005, born Chattanooga, TN, died Pacific Palisades, CA",Gray Phillips,"[""Phillips, Gray (1923-2005, born Chattanooga, TN, died Pacific Palisades, CA)""]"
,"Phillips, John","1953-, born Chicago, IL",John Phillips,"[""Phillips, John (1953-, born Chicago, IL)""]"
,"Phillips, W.T.",,W.T. Phillips,"[""Phillips, W.T.""]"
,"Picaut, Bernard",,Bernard Picaut,"[""Picaut, Bernard""]"
,"Pildas, M.",,M. Pildas,"[""Pildas, M. ""]"
,"Pittman, A. Ross",1883-1969,A. Ross Pittman,"[""Pittman, A. Ross (1883-1969)""]"
,"Polidori, Gian Carlo","Italian artist, active 19th-20th century",Gian Carlo Polidori,"[""Polidori, Gian Carlo (Italian artist, active 19th-20th century)""]"
,"Pollack, S.",,S. Pollack,"[""Pollack, S.""]"
,"Popovic, Dimitrije",,Dimitrije Popovic,"[""Popovic, Dimitrije""]"
,"Pounders, Alfred J.",1931-,Alfred J. Pounders,"[""Pounders, Alfred J. (1931-)""]"
,"Powney, J. Suzanne","1969-, born Biloxi, MS",J. Suzanne Powney,"[""Powney, J. Suzanne  (1969-, born Biloxi, MS)""]"
,"Prahaska, Ray",,Ray Prahaska,"[""Prahaska, Ray""]"
,"Prats, Llorenç",,Llorenç Prats,"[""Prats, Llorenç""]"
,"Prou, Jacques",,Jacques Prou,"[""Prou, Jacques""]"
,"Puiggros, Pere",1942-,Pere Puiggros,"[""Puiggros, Pere (1942-)""]"
,"Putnam, H.",,H. Putnam,"[""Putnam, H.""]"
,"Putten, Henk van","Dutch sculptor, born 1936",Henk van Putten,"[""Putten, Henk van (Dutch sculptor, born 1936)""]"
,Qin Yi,,Qin Yi,"[""Qin Yi""]"
,"Querida, Zita",,Zita Querida,"[""Querida, Zita""]"
,"Quest, Dan",,Dan Quest,"[""Quest, Dan""]"
,"Quijada, Robert","American artist, 1937-1994",Robert Quijada,"[""Quijada, Robert (American artist, 1937-1994)""]"
,"Raffetto, Giuseppe","ca. 1750, born Genoa, Italy",Giuseppe Raffetto,"[""Raffetto, Giuseppe (ca. 1750, born Genoa, Italy)"",""Raffetto, Giuseppe""]"
,Ravagnant,,Ravagnant,"[""Ravagnant""]"
,"Raymond, José Luis",1954-,José Luis Raymond,"[""Raymond, José Luis (1954-)""]"
,"Reika, Iwami",1927-1989,Iwami Reika,"[""Reika, Iwami (1927-1989)""]"
,Ren Pei,,Ren Pei,"[""Ren Pei""]"
,"Reuther, Kit",1957-,Kit Reuther,"[""Reuther, Kit (1957-)""]"
,"Richards, Rosalyn",1947-,Rosalyn Richards,"[""Richards, Rosalyn (1947-)""]"
,"Richardson, Deborah",,Deborah Richardson,"[""Richardson, Deborah""]"
,"Richardson, Russell",,Russell Richardson,"[""Richardson, Russell""]"
,"Richman, Pablo",,Pablo Richman,"[""Richman, Pablo""]"
,Ripolles,,Ripolles,"[""Ripolles""]"
,"Risseeuw, Katie",,Katie Risseeuw,"[""Risseeuw, Katie""]"
,"Ritteng, George",,George Ritteng,"[""Ritteng, George""]"
,"Roberti, H.",,H. Roberti,"[""Roberti, H.""]"
,"Roberts, William Vernon",,William Vernon Roberts,"[""Roberts, William Vernon""]"
,"Robertson, Jack",,Jack Robertson,"[""Robertson, Jack""]"
,"Robison, Sheryl",,Sheryl Robison,"[""Robison, Sheryl""]"
,"Rogers, Louise De Gignilliet","born Macon, GA",Louise De Gignilliet Rogers,"[""Rogers, Louise De Gignilliet (born Macon, GA)"",""Rogers, Louise De Gignilliet""]"
,Roko,,Roko,"[""Roko""]"
,"Rosenblum, Sadie Skoletsky","American painter and sculptor, 1899-1982",Sadie Skoletsky Rosenblum,"[""Rosenblum, Sadie Skoletsky (American painter and sculptor, 1899-1982)""]"
,Rosendahl,,Rosendahl,"[""Rosendahl""]"
,"Rosenthal, Louise",,Louise Rosenthal,"[""Rosenthal, Louise""]"
,"Ross, Elliot","1947-, born Chicago, IL",Elliot Ross,"[""Ross, Elliot  (1947-, born Chicago, IL)""]"
,"Rothermil, P.F.",1817-1895,P.F. Rothermil,"[""Rothermil, P.F. (1817-1895)""]"
,"Rothy, Carl",,Carl Rothy,"[""Rothy, Carl""]"
,"Rue, De La","1922-, born Paris, France",De La Rue,"[""Rue, De La (1922-, born Paris, France)""]"
,"Ruffin, Katherine McCanless","1972-, born Huntsville, AL",Katherine McCanless Ruffin,"[""Ruffin, Katherine McCanless  (1972-, born Huntsville, AL)""]"
,"Ruggie-Saunders, Cathie","1951-, born Chicago, IL",Cathie Ruggie-Saunders,"[""Ruggie-Saunders, Cathie (1951-, born Chicago, IL)""]"
,"Russell, Scott, for Hatch Show Print","born Bloomington, IN",Scott Russell,"[""Russell, Scott, for Hatch Show Print (born Bloomington, IN)""]"
,"Rutherford, Eric","British artist, active from 1963",Eric Rutherford,"[""Rutherford, Eric (British artist, active from 1963)""]"
,Ryosen,,Ryosen,"[""Ryosen""]"
,Ryuho,Rippo,Ryuho,"[""Ryuho (Rippo), Hinaya (1597-1669)""]"
,"Ryuryukyo, Shinsai",1764-1820,Shinsai Ryuryukyo,"[""Ryuryukyo, Shinsai  (1764-1820)""]"
,"Salter, Erin","1978-, born Nashville, TN",Erin Salter,"[""Salter, Erin (1978-, born Nashville, TN)""]"
,"Sanh, Georges","1909-, born Hanoi, Vietnam",Georges Sanh,"[""Sanh, Georges (1909-, born Hanoi, Vietnam)""]"
,"Sanh, Phillipe","1908-, born Indo-China",Phillipe Sanh,"[""Sanh, Phillipe (1908-, born Indo-China)"",""Sanh, Phillipe (1908-)""]"
,Sanji,,Sanji,"[""Sanji""]"
,"Sato, T.",,T. Sato,"[""Sato, T.""]"
,"Saunders, Dutch",,Dutch Saunders,"[""Saunders, Dutch""]"
,"Schaever, C. W.",,C. W. Schaever,"[""Schaever, C. W.""]"
,"Scharf, Ralph H.","1923-1993, born Chicago, IL",Ralph H. Scharf,"[""Scharf, Ralph H. (1923-1993, born Chicago, IL)""]"
,"Schlegel, Friedrich August","German artist, born 1828",Friedrich August Schlegel,"[""Schlegel, Friedrich August (German artist, born 1828)""]"
,"Schlosser, Adolf",1939-,Adolf Schlosser,"[""Schlosser, Adolf (1939-)""]"
,"Schmidt-Felling, Hans",1854-1910,Hans Schmidt-Felling,"[""Schmidt-Felling, Hans (1854-1910)""]"
,"Schwarz, Joseph","American painter, born 1929",Joseph Schwarz,"[""Schwarz, Joseph (American painter, born 1929)""]"
,"Schwerin von Krosigk, Wifred Graf",,Wifred Graf Schwerin von Krosigk,"[""Schwerin von Krosigk, Wifred Graf""]"
,Seizan,,Seizan,"[""Seizan""]"
,Sepesky,Shephard,Sepesky,"[""Sepesky (Shephard)""]"
,Sesshu,,Sesshu,"[""Sesshu""]"
,"Seweil, Amos",,Amos Seweil,"[""Seweil, Amos""]"
,"Shalala, Edward","1949-, born Cleveland, OH",Edward Shalala,"[""Shalala, Edward (1949-, born Cleveland, OH)""]"
,"Shane, Joel","1976-, born Winnipeg, Manitoba, Canada",Joel Shane,"[""Shane, Joel (1976-, born Winnipeg, Manitoba, Canada)""]"
,"Shapiro, David","American painter and printmaker, born 1943",David Shapiro,"[""Shapiro, David (American painter and printmaker, born 1943)""]"
,"Shaw, J.",,J. Shaw,"[""Shaw, J. and Hughes, S.G.""]"
,"Sherman, Levi","1990-, born Seattle, WA",Levi Sherman,"[""Sherman, Levi and Gomez, Carly (1990-, born Seattle, WA)""]"
,"Sherraden, Jim","1957-, born Salina, KS",Jim Sherraden,"[""Sherraden, Jim (1957-, born Salina, KS)"",""Sherraden, Jim (1957, born Salina, KS)"",""Sherraden, Jim (1956-, born Salina, KS)"",""Sherraden, Jim, (1957-, born Salina, KS)"",""Sherraden, Jim, for Hatch Show Print (1957-, born Salina, KS)""]"
,"Sherrard, Toby","1977-, born Seattle, WA",Toby Sherrard,"[""Sherrard, Toby (1977-, born Seattle, WA)""]"
,"Shigemasa, Kitabatake",1739-1820,Kitabatake Shigemasa,"[""Shigemasa, Kitabatake  (1739-1820)""]"
,"Shotz, Allison","American artist, born 1964",Allison Shotz,"[""Shotz, Allison (American artist, born 1964)""]"
,"Shuki, Ichiin",,Ichiin Shuki,"[""Shuki, Ichiin""]"
,"Shwab, Paul",,Paul Shwab,"[""Shwab, Paul""]"
,"Sietens, Guntars","1962-, born Kuldiga, Latvia",Guntars Sietens,"[""Sietens, Guntars (1962-, born Kuldiga, Latvia)""]"
,"Singer, Charles",,Charles Singer,"[""Singer, Charles""]"
,"Slowicki, M.",,M. Slowicki,"[""Slowicki, M.""]"
,"Smith, Peggy","painter, active 20th century",Peggy Smith,"[""Smith, Peggy (painter, active 20th century)""]"
,"Smyth, David","American painter, born 1943",David Smyth,"[""Smyth, David (American painter, born 1943)""]"
,Soken,"Japanese painter, 1759-1818",Soken,"[""Soken (Japanese painter, 1759-1818)""]"
,"Sook, Koo Kyung","1960-, born Seoul, Korea",Koo Kyung Sook,"[""Sook, Koo Kyung (1960-, born Seoul, Korea)""]"
,"Soreff, Helen","American painter, 20th century",Helen Soreff,"[""Soreff, Helen (American painter, 20th century)""]"
,"Soyen, Kabocha",,Kabocha Soyen,"[""Soyen, Kabocha""]"
,"Speakman, Harold",,Harold Speakman,"[""Speakman, Harold""]"
,"Spinola, Lily",,Lily Spinola,"[""Spinola, Lily""]"
,"St. John, James Allen",1872-1957,James Allen St. John,"[""St. John, James Allen  (1872-1957)""]"
,"Stackelhaus, Heiner",,Heiner Stackelhaus,"[""Stackelhaus, Heiner""]"
,"Stang, George",,George Stang,"[""Stang, George""]"
,"Stark, George King","1923-1992, born Schenectady, NY, died Granby, NY",George King Stark,"[""Stark, George King (1923-1992, born Schenectady, NY, died Granby, NY)""]"
,"Starowieysky, Franciszek","1930-, born Bratkówka, Poland",Franciszek Starowieysky,"[""Starowieysky, Franciszek (1930-, born Bratkówka, Poland)""]"
,"Stewart, John P.",1945-,John P. Stewart,"[""Stewart, John P. (1945-)""]"
,"Storm, La Rue","1908-, born Miami, FL",La Rue Storm,"[""Storm, La Rue (1908-, born Miami, FL)""]"
,Su-chin Wen Chen,"1914-, born Wu-hsing, Chekiang Province, China",Su-chin Wen Chen,"[""Su-chin Wen Chen (1914-, born Wu-hsing, Chekiang Province, China)""]"
,"Sudyka, Diana",1972-,Diana Sudyka,"[""Sudyka, Diana (1972-)""]"
,"Sugawara, Hakuryu","1833-1898, born Uzen Province, Japan",Hakuryu Sugawara,"[""Sugawara, Hakuryu (1833-1898, born Uzen Province, Japan)""]"
,Suishu,,Suishu,"[""Suishu""]"
,Suison,,Suison,"[""Suison""]"
,"Suzuki, Rinsho",,Rinsho Suzuki,"[""Suzuki, Rinsho ""]"
,"Tabata, Kiyoe",,Kiyoe Tabata,"[""Tabata, Kiyoe""]"
,"Taguchi, Hidekichi",,Hidekichi Taguchi,"[""Taguchi, Hidekichi""]"
,"Teeuwen, Tjue","1955-, 1955-, born Eindhoven, Netherlands",Tjue Teeuwen,"[""Teeuwen, Tjue & Peter Foolen (1955-, 1955-, born Eindhoven, Netherlands)""]"
,"Teixidor, Ferran","Spanish painter, born 1936",Ferran Teixidor,"[""Teixidor, Ferran (Spanish painter, born 1936)""]"
,"Teru, Okada",1947-,Okada Teru,"[""Teru, Okada (1947-)""]"
,"Thacker, Terry",1955-,Terry Thacker,"[""Thacker, Terry (1955-)""]"
,"Thompson, Kenneth K.",,Kenneth K. Thompson,"[""Thompson, Kenneth K.""]"
,"Thompson, Ron",,Ron Thompson,"[""Thompson, Ron""]"
,Torii Kiyomasu I,"Japanese woodblock print designer, active 1697-1722 (there is another one with different dates!)",Torii Kiyomasu I,"[""Torii Kiyomasu I (Japanese woodblock print designer, active 1697-1722)""]"
,"Tosh, Paul,","1954-, born Kingsport, TN",Paul Tosh,"[""Tosh, Paul, (1954-, born Kingsport, TN)""]"
,"Toshiaki, Yu-u sai",,Yu-u sai Toshiaki,"[""Toshiaki, Yu-u sai""]"
,"Toykuni, Utagawa",1769-1825,Utagawa Toykuni,"[""Toykuni, Utagawa  (1769-1825)""]"
,"Treballs Gràfics, Barcelona",,Barcelona Treballs Gràfics,"[""Treballs Gràfics, Barcelona""]"
,"Tsuchiya, Kōitsu",1870-1949,Kōitsu Tsuchiya,"[""Tsuchiya, Kōitsu (1870-1949)"",""Tsuchiya , Kōitsu (1870-1949)""]"
,Tung Tsou-ping,,Tung Tsou-ping,"[""Tung Tsou-ping""]"
,"Tur Costa, Rafael","1927-, born Santa Eulalia, Ibiza, Spain",Rafael Tur Costa,"[""Tur Costa, Rafael (1927-, born Santa Eulalia, Ibiza, Spain)""]"
,"Turmohlen, Karl",,Karl Turmohlen,"[""Turmohlen, Karl""]"
,Turnbull,,Turnbull,"[""Turnbull""]"
,"Turner, Arthur",,Arthur Turner,"[""Turner, Arthur""]"
,"Turner, F.C.",1810-1846,F.C. Turner,"[""Turner, F.C. and Beckwith, Henry (1810-1846)""]"
,"Ubeda, Augustin","Spanish artist, born 1925",Augustin Ubeda,"[""Ubeda, Augustin (Spanish artist, born 1925)""]"
,"Ulman, Elenor",,Elenor Ulman,"[""Ulman, Elenor""]"
,"Unkoku,Tōteki",1606-1664,Tōteki Unkoku,"[""Unkoku,Tōteki (1606-1664)""]"
,"Vail, Clover","American painter, born 1939",Clover Vail,"[""Vail, Clover (American painter, born 1939)""]"
,"Vanderbilt, Jacob",,Jacob Vanderbilt,"[""Vanderbilt, Jacob""]"
,"Vanderkooi, Lenore","1943-, born Boston, MA",Lenore Vanderkooi,"[""Vanderkooi, Lenore (1943-, born Boston, MA)""]"
,"Varin, R.",,R. Varin,"[""Varin, R.""]"
,"Vasek, Vera","1959-, born Buffalo, NY",Vera Vasek,"[""Vasek, Vera (1959-, born Buffalo, NY)""]"
,"Verbeek, Kees","1961-, born Son, Netherlands",Kees Verbeek,"[""Verbeek, Kees (1961-, born Son, Netherlands)""]"
,"Vilà, Miquel","1940-, born Barcelona, Spain",Miquel Vilà,"[""Vilà, Miquel (1940-, born Barcelona, Spain)""]"
,"Volkman, C.",,C. Volkman,"[""Volkman, C.""]"
,"Waanders, Hans","1951-2001, born Enschede, Netherlands",Hans Waanders,"[""Waanders, Hans (1951-2001, born Enschede, Netherlands)""]"
,"Wachsmity, F.S.",,F.S. Wachsmity,"[""Wachsmity, F.S.""]"
,"Wakeland, Ray","-1964, born Monteagle, TN",Ray Wakeland,"[""Wakeland, Ray (-1964, born Monteagle, TN)""]"
,"Walker, W. H.","British watercolorist and illustrator, 1906-1926",W. H. Walker,"[""Walker, W. H. (British watercolorist and illustrator, 1906-1926)""]"
,"Walkup, Kathleen","1946-, born Portland, OR",Kathleen Walkup,"[""Walkup, Kathleen  (1946-, born Portland, OR)""]"
,"Walter, L.",,L. Walter,"[""Walter, L.""]"
,Wang Han,,Wang Han,"[""Wang Han""]"
,"Wang, Han",,Han Wang,"[""Wang, Han""]"
,"Warner, Earl A.",1883-1918,Earl A. Warner,"[""Warner, Earl A. (1883-1918)""]"
,"Warren, Gabriel","1955-, born New Haven, CT",Gabriel Warren,"[""Warren, Gabriel (1955-, born New Haven, CT)""]"
,"Watanabe, Shugaku",1644-1734,Shugaku Watanabe,"[""Watanabe, Shugaku (1644-1734)""]"
,Wattana Wattanapun,"Thai painter, born 1941",Wattana Wattanapun,"[""Wattana Wattanapun (Thai painter, born 1941)""]"
,"Westphal, Fred","German artist, active 20th century",Fred Westphal,"[""Westphal, Fred (German artist, active 20th century)"",""Westphal, Fred""]"
,"Weyen, Herman",1643-1672,Herman Weyen,"[""Weyen, Herman (1643-1672)""]"
,"White, Joy Rice",,Joy Rice White,"[""White, Joy Rice""]"
,"Whitney, William",,William Whitney,"[""Whitney, William""]"
,"Wierix, Anton, III","Flemish printmaker, 1596-1624",Anton Wierix III,"[""Wierix, Anton, III (Flemish printmaker, 1596-1624)""]"
,"Wilkinson, Jeanne","1949-, born Duluth, MN",Jeanne Wilkinson,"[""Wilkinson, Jeanne (1949-, born Duluth, MN)""]"
,"Williams, Mark","1950-, born Pittsburgh, PA",Mark Williams,"[""Williams, Mark (1950-, born Pittsburgh, PA)""]"
,"Wilson, Thomas Zvi",1931-,Thomas Zvi Wilson,"[""Wilson, Thomas Zvi (1931-)""]"
,"Winkles, K.",,K. Winkles,"[""Winkles, K.""]"
,"Wire, Melville Thomas","American painter and printmaker, 1887-1966",Melville Thomas Wire,"[""Wire, Melville Thomas (American painter and printmaker, 1887-1966)""]"
,Wu Yang-t'ien,,Wu Yang-t'ien,"[""Wu Yang-t'ien""]"
,"Würbel, Franz",1896-,Franz Würbel,"[""Würbel, Franz (1896-)""]"
,Yao Zhongbao,"-1924, born Beijing, China",Yao Zhongbao,"[""Yao Zhongbao (-1924, born Beijing, China)""]"
,"Yasu, Koitsu",,Koitsu Yasu,"[""Yasu, Koitsu""]"
,Yoji,,Yoji,"[""Yoji""]"
,Yosho,,Yosho,"[""Yosho""]"
,"Young, August M.",1837-1913,August M. Young,"[""Young, August M. (1837-1913)""]"
,"Young, William Crawford","American illustrator, born 1886, active 1940",William Crawford Young,"[""Young, William Crawford (American illustrator, born 1886, active 1940)""]"
,"Zartarian, Miriam",,Miriam Zartarian,"[""Zartarian, Miriam""]"
,Zhou Tao,born China,Zhou Tao,"[""Zhou Tao (born China)""]"
,"Zhou, Runan",,Runan Zhou,"[""Zhou, Runan""]"
,"Zimmermann, Karen",,Karen Zimmermann,"[""Zimmermann, Karen""]"
,"Zirin, Nola","1920-, born New York, NY",Nola Zirin,"[""Zirin, Nola (1920-, born New York, NY)""]"
,"Zivkovic, Zdenka",born Czechoslovakia,Zdenka Zivkovic,"[""Zivkovic, Zdenka (born Czechoslovakia)"",""Zivkovic, Zdenka (, born Czechoslovakia)""]"
,"Zupanc, Terri","1955-, born Wisconsin",Terri Zupanc,"[""Zupanc, Terri (1955-, born Wisconsin)""]"
